	Image type	Feature Class	Feature Name	VSD.Brain_3more.XX.O.OT.42283	VSD.Brain_3more.XX.XX.OT.54529	VSD.Brain_3more.XX.O.OT.42287	VSD.Brain_3more.XX.O.OT.42289	VSD.Brain_3more.XX.O.OT.42291
0	general	info	BoundingBox	(65, 135, 40, 70, 72, 76)	(59, 117, 58, 99, 86, 82)	(56, 85, 31, 54, 89, 72)	(67, 59, 66, 65, 74, 65)	(55, 84, 26, 64, 84, 73)
1	general	info	EnabledImageTypes	{'Original': {}, 'Wavelet': {}}	{'Original': {}, 'Wavelet': {}}	{'Original': {}, 'Wavelet': {}}	{'Original': {}, 'Wavelet': {}}	{'Original': {}, 'Wavelet': {}}
2	general	info	GeneralSettings	{'normalize': False, 'distances': [1], 'enableCExtensions': True, 'removeOutliers': None, 'minimumROISize': None, 'binWidth': 25, 'force2Ddimension': 0, 'label': 1, 'padDistance': 5, 'force2D': False, 'interpolator': 'sitkBSpline', 'preCrop': False, 'symmetricalGLCM': True, 'resampledPixelSpacing': None, 'resegmentRange': None, 'minimumROIDimensions': 1, 'additionalInfo': True, 'normalizeScale': 1}	{'normalize': False, 'distances': [1], 'enableCExtensions': True, 'removeOutliers': None, 'minimumROISize': None, 'binWidth': 37, 'force2Ddimension': 0, 'label': 1, 'padDistance': 5, 'force2D': False, 'interpolator': 'sitkBSpline', 'preCrop': False, 'symmetricalGLCM': True, 'resampledPixelSpacing': None, 'resegmentRange': None, 'minimumROIDimensions': 1, 'additionalInfo': True, 'normalizeScale': 1}	{'normalize': False, 'distances': [1], 'enableCExtensions': True, 'removeOutliers': None, 'minimumROISize': None, 'binWidth': 25, 'force2Ddimension': 0, 'label': 1, 'padDistance': 5, 'force2D': False, 'interpolator': 'sitkBSpline', 'preCrop': False, 'symmetricalGLCM': True, 'resampledPixelSpacing': None, 'resegmentRange': None, 'minimumROIDimensions': 1, 'additionalInfo': True, 'normalizeScale': 1}	{'normalize': False, 'distances': [1], 'enableCExtensions': True, 'removeOutliers': None, 'minimumROISize': None, 'binWidth': 25, 'force2Ddimension': 0, 'label': 1, 'padDistance': 5, 'force2D': False, 'interpolator': 'sitkBSpline', 'preCrop': False, 'symmetricalGLCM': True, 'resampledPixelSpacing': None, 'resegmentRange': None, 'minimumROIDimensions': 1, 'additionalInfo': True, 'normalizeScale': 1}	{'normalize': False, 'distances': [1], 'enableCExtensions': True, 'removeOutliers': None, 'minimumROISize': None, 'binWidth': 25, 'force2Ddimension': 0, 'label': 1, 'padDistance': 5, 'force2D': False, 'interpolator': 'sitkBSpline', 'preCrop': False, 'symmetricalGLCM': True, 'resampledPixelSpacing': None, 'resegmentRange': None, 'minimumROIDimensions': 1, 'additionalInfo': True, 'normalizeScale': 1}
3	general	info	ImageHash	3015d232d8922f05fc3b1bc927fa1d72b6832f2f	648c33192320cd67ffc87b44a83462bb11325561	e3f3bd69a04cc490a1f5a6f8c97352237535937e	e679c3a7b2fea3d6ffccd340e4caab7a4b385b90	4c330dd3255afcb97fa8bbab2322d21a029abff9
4	general	info	ImageSpacing	(1.0, 1.0, 1.0)	(1.0, 1.0, 1.0)	(1.0, 1.0, 1.0)	(1.0, 1.0, 1.0)	(1.0, 1.0, 1.0)
5	general	info	MaskHash	8085dd6af04e1db87025ebc4accb1c13455f8a11	be147fc842551ccbd364d60b738c1506a340d876	75297c92aa0ff87718be8c6817a20eba28846a54	63d02867035bf9ab51b0294b445429a66a89745f	b9c90e1b7eccc3e0d95e540bb69a69c009bdfd5e
6	general	info	Version	1.3.0.post39+g2504f45	1.3.0.post39+g2504f45	1.3.0.post39+g2504f45	1.3.0.post39+g2504f45	1.3.0.post39+g2504f45
7	general	info	VolumeNum	2	4	2	6	2
8	general	info	VoxelNum	114015	173928	83797	122956	85658
9	original	shape	Maximum3DDiameter	83.0782763423	98.4073168011	97.4782026917	77.1362431027	83.6002392341
10	original	shape	Maximum2DDiameterSlice	71.5891053164	97.3293378175	81.2219182241	75.6439025963	81.4984662432
11	original	shape	Sphericity	0.60695784553	0.408030593801	0.547055515952	0.668738509216	0.472181479173
12	original	shape	MinorAxis	57.7113359851	68.7626035375	44.0723520359	57.4361716309	52.3930915314
13	original	shape	Elongation	0.876447539445	0.961916201848	0.534297811493	0.883249934972	0.736768626719
14	original	shape	SurfaceVolumeRatio	0.164312876211	0.212325210241	0.202011719896	0.145426834077	0.232337439843
15	original	shape	Volume	114015.0	173928.0	83797.0	122956.0	85658.0
16	original	shape	MajorAxis	65.846880033	71.4850247926	82.4864917803	65.0282206166	71.112001287
17	original	shape	SurfaceArea	18734.1325812	36929.2991667	16927.9760921	17881.1018108	19901.560422
18	original	shape	Flatness	0.705601759957	0.909790318953	0.502241307945	0.731578773361	0.565995871951
19	original	shape	LeastAxis	46.461674439	65.0363835064	41.4281235195	47.5732658725	40.2490991746
20	original	shape	Maximum2DDiameterColumn	74.9466476902	97.1287804927	56.7274184147	71.0281634283	75.0732975165
21	original	shape	Maximum2DDiameterRow	78.7908624144	90.5538513814	96.5660395791	71.0633520178	80.622577483
22	original	gldm	GrayLevelVariance	0.0	0.0	0.0	0.0	0.0
23	original	gldm	HighGrayLevelEmphasis	1.0	1.0	1.0	1.0	1.0
24	original	gldm	DependenceEntropy	1.52366247146	1.87433354053	1.78355266005	1.38275871124	2.02496327426
25	original	gldm	DependenceNonUniformity	73159.1352103	95843.9378593	48065.1266155	83491.36509	43570.5311588
26	original	gldm	GrayLevelNonUniformity	114015.0	173928.0	83797.0	122956.0	85658.0
27	original	gldm	SmallDependenceEmphasis	0.00176583540331	0.001907142438	0.00183327383376	0.00172755019781	0.00191570895097
28	original	gldm	SmallDependenceHighGrayLevelEmphasis	0.00176583540331	0.001907142438	0.00183327383376	0.00172755019781	0.00191570895097
29	original	gldm	DependenceNonUniformityNormalized	0.641662370831	0.55105525194	0.573590064269	0.679034492745	0.508656881538
30	original	gldm	LargeDependenceEmphasis	668.71091523	651.312048664	654.564733821	675.324750317	643.367391254
31	original	gldm	LargeDependenceLowGrayLevelEmphasis	668.71091523	651.312048664	654.564733821	675.324750317	643.367391254
32	original	gldm	DependenceVariance	11.7948850381	15.0096252747	13.9547822169	10.6835074377	15.3798701812
33	original	gldm	LargeDependenceHighGrayLevelEmphasis	668.71091523	651.312048664	654.564733821	675.324750317	643.367391254
34	original	gldm	SmallDependenceLowGrayLevelEmphasis	0.00176583540331	0.001907142438	0.00183327383376	0.00172755019781	0.00191570895097
35	original	gldm	LowGrayLevelEmphasis	1.0	1.0	1.0	1.0	1.0
36	original	glcm	JointAverage	1.0	1.0	1.0	1.0	1.0
37	original	glcm	SumAverage	2.0	2.0	2.0	2.0	2.0
38	original	glcm	JointEntropy	-3.20342650381e-16	-3.20342650381e-16	-3.20342650381e-16	-3.20342650381e-16	-3.20342650381e-16
39	original	glcm	ClusterShade	0.0	0.0	0.0	0.0	0.0
40	original	glcm	MaximumProbability	1.0	1.0	1.0	1.0	1.0
41	original	glcm	Idmn	1.0	1.0	1.0	1.0	1.0
42	original	glcm	JointEnergy	1.0	1.0	1.0	1.0	1.0
43	original	glcm	Contrast	0.0	0.0	0.0	0.0	0.0
44	original	glcm	DifferenceEntropy	-3.20342650381e-16	-3.20342650381e-16	-3.20342650381e-16	-3.20342650381e-16	-3.20342650381e-16
45	original	glcm	InverseVariance	0.0	0.0	0.0	0.0	0.0
46	original	glcm	DifferenceVariance	0.0	0.0	0.0	0.0	0.0
47	original	glcm	Idn	1.0	1.0	1.0	1.0	1.0
48	original	glcm	Idm	1.0	1.0	1.0	1.0	1.0
49	original	glcm	Correlation	1.0	1.0	1.0	1.0	1.0
50	original	glcm	Autocorrelation	1.0	1.0	1.0	1.0	1.0
51	original	glcm	SumEntropy	-3.20342650381e-16	-3.20342650381e-16	-3.20342650381e-16	-3.20342650381e-16	-3.20342650381e-16
52	original	glcm	SumSquares	0.0	0.0	0.0	0.0	0.0
53	original	glcm	ClusterProminence	0.0	0.0	0.0	0.0	0.0
54	original	glcm	Imc2	0.0	0.0	0.0	0.0	0.0
55	original	glcm	Imc1	0.0	0.0	0.0	0.0	0.0
56	original	glcm	DifferenceAverage	0.0	0.0	0.0	0.0	0.0
57	original	glcm	Id	1.0	1.0	1.0	1.0	1.0
58	original	glcm	ClusterTendency	0.0	0.0	0.0	0.0	0.0
59	original	firstorder	InterquartileRange	2.0	0.0	0.0	1.0	1.0
60	original	firstorder	Skewness	-0.279091193543	2.0877525039	1.57913763776	0.805037470393	0.730276221071
61	original	firstorder	Uniformity	1.0	1.0	1.0	1.0	1.0
62	original	firstorder	Median	3.0	2.0	2.0	2.0	2.0
63	original	firstorder	Energy	1074685.0	962766.0	481430.0	616357.0	605725.0
64	original	firstorder	RobustMeanAbsoluteDeviation	1.03923765446	0.454105412778	0.524084018184	0.599741931494	0.746710194002
65	original	firstorder	MeanAbsoluteDeviation	1.03923765446	0.453391619171	0.523124221232	0.599741931494	0.76106422483
66	original	firstorder	TotalEnergy	1074685.0	962766.0	481430.0	616357.0	605725.0
67	original	firstorder	Maximum	4.0	4.0	4.0	4.0	4.0
68	original	firstorder	RootMeanSquared	3.07015002303	2.35274912669	2.39691337808	2.23893406028	2.65921703561
69	original	firstorder	90Percentile	4.0	4.0	4.0	4.0	4.0
70	original	firstorder	Minimum	1.0	1.0	1.0	1.0	1.0
71	original	firstorder	Entropy	-0.0	-0.0	-0.0	-0.0	-0.0
72	original	firstorder	Range	3.0	3.0	3.0	3.0	3.0
73	original	firstorder	Variance	1.27488756169	0.448890050008	0.519940167696	0.767830341734	0.764803764622
74	original	firstorder	10Percentile	1.0	2.0	2.0	1.0	2.0
75	original	firstorder	Kurtosis	1.55685189487	5.752120942	4.49033048413	3.16333383609	2.2689474462
76	original	firstorder	Mean	2.85498399333	2.25533554114	2.28588135613	2.06033865773	2.51130075416
77	original	glrlm	ShortRunLowGrayLevelEmphasis	0.140824129209	0.180555939919	0.143291198203	0.139335811027	0.148544538748
78	original	glrlm	GrayLevelVariance	0.0	0.0	0.0	0.0	0.0
79	original	glrlm	LowGrayLevelRunEmphasis	1.0	1.0	1.0	1.0	1.0
80	original	glrlm	GrayLevelNonUniformityNormalized	1.0	1.0	1.0	1.0	1.0
81	original	glrlm	RunVariance	228.436592972	229.425123921	165.044679296	243.354120263	140.704277287
82	original	glrlm	GrayLevelNonUniformity	6006.07692308	11873.6923077	5445.92307692	5766.46153846	6392.46153846
83	original	glrlm	LongRunEmphasis	634.372341203	474.514370636	436.853443235	762.028125756	342.908841375
84	original	glrlm	ShortRunHighGrayLevelEmphasis	0.140824129209	0.180555939919	0.143291198203	0.139335811027	0.148544538748
85	original	glrlm	RunLengthNonUniformity	215.78404391	612.304576543	223.031616826	209.371331398	286.133308799
86	original	glrlm	ShortRunEmphasis	0.140824129209	0.180555939919	0.143291198203	0.139335811027	0.148544538748
87	original	glrlm	LongRunHighGrayLevelEmphasis	634.372341203	474.514370636	436.853443235	762.028125756	342.908841375
88	original	glrlm	RunPercentage	0.0526779539804	0.0682678597333	0.0649894754815	0.0468985778527	0.0746277234871
89	original	glrlm	LongRunLowGrayLevelEmphasis	634.372341203	474.514370636	436.853443235	762.028125756	342.908841375
90	original	glrlm	RunEntropy	5.24836373172	5.07216202482	5.02914171584	5.27150787525	4.95227035099
91	original	glrlm	HighGrayLevelRunEmphasis	1.0	1.0	1.0	1.0	1.0
92	original	glrlm	RunLengthNonUniformityNormalized	0.0352815209862	0.0499884868453	0.039828336601	0.0352428747323	0.0433097957791
93	original	glszm	GrayLevelVariance	0.0	0.0	0.0	0.0	0.0
94	original	glszm	ZoneVariance	3249741042.25	5670226905.5	1755400506.25	2099214164.56	1834237584.0
95	original	glszm	GrayLevelNonUniformityNormalized	1.0	1.0	1.0	1.0	1.0
96	original	glszm	SizeZoneNonUniformityNormalized	0.5	0.25	0.5	0.333333333333	0.5
97	original	glszm	SizeZoneNonUniformity	1.0	1.0	1.0	2.0	1.0
98	original	glszm	GrayLevelNonUniformity	2.0	4.0	2.0	6.0	2.0
99	original	glszm	LargeAreaEmphasis	6499596098.5	7560911229.5	3510884808.5	2519163551.67	3668560825.0
100	original	glszm	SmallAreaHighGrayLevelEmphasis	0.500000000038	0.091254340286	0.500000000071	0.521919879074	0.500000000068
101	original	glszm	ZonePercentage	1.75415515502e-05	2.29980221701e-05	2.38672028832e-05	4.879794398e-05	2.33486656238e-05
102	original	glszm	LargeAreaLowGrayLevelEmphasis	6499596098.5	7560911229.5	3510884808.5	2519163551.67	3668560825.0
103	original	glszm	LargeAreaHighGrayLevelEmphasis	6499596098.5	7560911229.5	3510884808.5	2519163551.67	3668560825.0
104	original	glszm	HighGrayLevelZoneEmphasis	1.0	1.0	1.0	1.0	1.0
105	original	glszm	SmallAreaEmphasis	0.500000000038	0.091254340286	0.500000000071	0.521919879074	0.500000000068
106	original	glszm	LowGrayLevelZoneEmphasis	1.0	1.0	1.0	1.0	1.0
107	original	glszm	ZoneEntropy	1.0	2.0	1.0	1.79248125036	1.0
108	original	glszm	SmallAreaLowGrayLevelEmphasis	0.500000000038	0.091254340286	0.500000000071	0.521919879074	0.500000000068
109	original	ngtdm	Coarseness	1000000	1000000	1000000	1000000	1000000
110	original	ngtdm	Complexity	0.0	0.0	0.0	0.0	0.0
111	original	ngtdm	Strength	0	0	0	0	0
112	original	ngtdm	Contrast					
113	original	ngtdm	Busyness	0	0	0	0	0
114	wavelet-HHH	gldm	GrayLevelVariance	0.249888393465	0.227318872481	0.241605734359	0.247205351056	0.248732993074
115	wavelet-HHH	gldm	HighGrayLevelEmphasis	2.53169319826	2.95180764454	2.7748606752	2.65859331793	2.60678512223
116	wavelet-HHH	gldm	DependenceEntropy	4.29513809162	4.71831091257	4.80237615433	4.58477851669	4.6560826889
117	wavelet-HHH	gldm	DependenceNonUniformity	15465.8249792	14111.3132216	6739.52739358	13201.7103679	8849.92514418
118	wavelet-HHH	gldm	GrayLevelNonUniformity	57032.9496382	94853.7662941	43305.3285559	62165.2377111	43046.0585585
119	wavelet-HHH	gldm	SmallDependenceEmphasis	0.00707905029613	0.00675028324786	0.0068457548515	0.00667484355807	0.00755428383538
120	wavelet-HHH	gldm	SmallDependenceHighGrayLevelEmphasis	0.0176336712606	0.016957385577	0.0170533468444	0.0165058017596	0.0188565021813
121	wavelet-HHH	gldm	DependenceNonUniformityNormalized	0.13564728307	0.0811330735797	0.0804268338196	0.107369387162	0.103316971493
122	wavelet-HHH	gldm	LargeDependenceEmphasis	180.887786695	311.305252748	251.893134599	217.039558867	196.547829742
123	wavelet-HHH	gldm	LargeDependenceLowGrayLevelEmphasis	108.689418059	116.793092544	111.173938208	109.889240867	105.611069602
124	wavelet-HHH	gldm	DependenceVariance	7.17832289247	43.5849285699	29.5509668167	17.4011098603	15.3506721567
125	wavelet-HHH	gldm	LargeDependenceHighGrayLevelEmphasis	469.681261238	1089.35389357	814.769920164	645.640830866	560.294870298
126	wavelet-HHH	gldm	SmallDependenceLowGrayLevelEmphasis	0.00444039505502	0.00419850766558	0.00429385685329	0.00421710400769	0.00472872924889
127	wavelet-HHH	gldm	LowGrayLevelEmphasis	0.617076700434	0.512048088864	0.556284831199	0.585351670516	0.598303719442
128	wavelet-HHH	glcm	JointAverage	1.51009274688	1.66036091603	1.59699683791	1.55469969972	1.5377132957
129	wavelet-HHH	glcm	SumAverage	3.02018549376	3.32072183206	3.19399367583	3.10939939944	3.0754265914
130	wavelet-HHH	glcm	JointEntropy	1.98729282382	1.82128741172	1.93160927735	1.97398250019	1.9814807491
131	wavelet-HHH	glcm	ClusterShade	-0.0100207499425	-0.223921044507	-0.124890928062	-0.0621265231822	-0.0413149350516
132	wavelet-HHH	glcm	MaximumProbability	0.282138200286	0.477537891059	0.383248356449	0.319725685778	0.30581870711
133	wavelet-HHH	glcm	Idmn	0.89896900512	0.926870790011	0.914500607414	0.906010394423	0.903672849128
134	wavelet-HHH	glcm	JointEnergy	0.254376320726	0.320522819065	0.275654029264	0.259265092147	0.256476261026
135	wavelet-HHH	glcm	Contrast	0.505154974402	0.365646049947	0.42749696293	0.469948027884	0.481635754362
136	wavelet-HHH	glcm	DifferenceEntropy	0.987905527595	0.944125828315	0.980175042434	0.990516072148	0.989527440248
137	wavelet-HHH	glcm	InverseVariance	0.505154974402	0.365646049947	0.42749696293	0.469948027884	0.481635754362
138	wavelet-HHH	glcm	DifferenceVariance	0.2458338714	0.230930892976	0.243176998611	0.246724016052	0.246383101931
139	wavelet-HHH	glcm	Idn	0.831615008533	0.878117983351	0.857501012357	0.843350657372	0.839454748546
140	wavelet-HHH	glcm	Idm	0.747422512799	0.817176975026	0.786251518535	0.765025986058	0.759182122819
141	wavelet-HHH	glcm	Correlation	-0.0107275017235	0.184988563391	0.111633500101	0.0487370788697	0.0312205176405
142	wavelet-HHH	glcm	Autocorrelation	2.27770075345	2.79825972312	2.57724203228	2.42912508522	2.37232200993
143	wavelet-HHH	glcm	SumEntropy	1.48213784941	1.45564136177	1.50411231442	1.50403447231	1.49984499474
144	wavelet-HHH	glcm	SumSquares	0.249894903937	0.224273143979	0.240584486062	0.2470054459	0.248570318521
145	wavelet-HHH	glcm	ClusterProminence	0.494433120813	0.58303143243	0.547213895362	0.519884762258	0.513273495831
146	wavelet-HHH	glcm	Imc2	0.129410798783	0.216576245408	0.143362114875	0.119024363809	0.123057423213
147	wavelet-HHH	glcm	Imc1	-0.0121039830961	-0.0298697858272	-0.014100559016	-0.00877807847224	-0.0103029889003
148	wavelet-HHH	glcm	DifferenceAverage	0.505154974402	0.365646049947	0.42749696293	0.469948027884	0.481635754362
149	wavelet-HHH	glcm	Id	0.747422512799	0.817176975026	0.786251518535	0.765025986058	0.759182122819
150	wavelet-HHH	glcm	ClusterTendency	0.494424641346	0.53144652597	0.53484098132	0.518073755717	0.512645519724
151	wavelet-HHH	firstorder	InterquartileRange	0.210168865041	0.0198523311085	0.0549342226602	0.08996041393	0.15197300977
152	wavelet-HHH	firstorder	Skewness	0.0618210907121	0.111663447342	0.0372766568093	-0.093005194048	0.0405626022017
153	wavelet-HHH	firstorder	Uniformity	0.50022321307	0.545362255037	0.516788531283	0.505589297887	0.502534013851
154	wavelet-HHH	firstorder	Median	3.76325271181e-48	1.8816263559e-48	1.8816263559e-48	9.40813177952e-49	1.8816263559e-48
155	wavelet-HHH	firstorder	Energy	15501.3424783	11577.0040588	5234.16416617	9631.03818114	9258.98709619
156	wavelet-HHH	firstorder	RobustMeanAbsoluteDeviation	0.101306023388	0.0254617357991	0.0383645050663	0.0542325750632	0.0788477313232
157	wavelet-HHH	firstorder	MeanAbsoluteDeviation	0.22162795972	0.117471022355	0.125279191369	0.150798812762	0.188695370884
158	wavelet-HHH	firstorder	TotalEnergy	15501.3424783	11577.0040588	5234.16416617	9631.03818114	9258.98709619
159	wavelet-HHH	firstorder	Maximum	2.93974154514	3.02327536868	2.40827293041	2.59413089527	2.7936310968
160	wavelet-HHH	firstorder	RootMeanSquared	0.368725913235	0.257996218968	0.249924846782	0.279873442122	0.328774233878
161	wavelet-HHH	firstorder	90Percentile	0.379621022222	0.187785844019	0.213384652316	0.264783442497	0.32418744528
162	wavelet-HHH	firstorder	Minimum	-2.74601471036	-2.78769097282	-2.13275691545	-2.97090598215	-2.95941264404
163	wavelet-HHH	firstorder	Entropy	0.999677947646	0.933528777262	0.975641871768	0.991921256689	0.996341096549
164	wavelet-HHH	firstorder	Range	5.6857562555	5.8109663415	4.54102984587	5.56503687741	5.75304374085
165	wavelet-HHH	firstorder	Variance	0.13595323088	0.0665550624349	0.0624586950694	0.0783276173525	0.1080908678
166	wavelet-HHH	firstorder	10Percentile	-0.375475708695	-0.160570250446	-0.195886115521	-0.252645497013	-0.324417988602
167	wavelet-HHH	firstorder	Kurtosis	8.47413469812	14.3068737558	12.4003666028	10.2140588497	9.48688203202
168	wavelet-HHH	firstorder	Mean	0.00235970574211	0.00264321148412	0.00193234816669	0.00123541605648	0.00127634702797
169	wavelet-HHH	glrlm	ShortRunLowGrayLevelEmphasis	0.381074327891	0.393282634064	0.388476503767	0.383137434441	0.38949251023
170	wavelet-HHH	glrlm	GrayLevelVariance	0.249986339114	0.249957548798	0.249975261784	0.249989353824	0.249975266115
171	wavelet-HHH	glrlm	LowGrayLevelRunEmphasis	0.623659290307	0.622868091271	0.623557832222	0.623932694263	0.624061751353
172	wavelet-HHH	glrlm	GrayLevelNonUniformityNormalized	0.500027321772	0.500084902405	0.500049476432	0.500021292351	0.50004946777
173	wavelet-HHH	glrlm	RunVariance	1.80294273262	12.2124283	4.96983471009	3.347994067	2.36186024386
174	wavelet-HHH	glrlm	GrayLevelNonUniformity	30303.5727513	35587.1035698	19482.88677	30434.4256316	22304.6064332
175	wavelet-HHH	glrlm	LongRunEmphasis	5.46815583487	18.2632688111	9.67023489467	7.52563652369	6.14969260402
176	wavelet-HHH	glrlm	ShortRunHighGrayLevelEmphasis	1.51335089189	1.44054629154	1.45530254087	1.46564287752	1.51288706965
177	wavelet-HHH	glrlm	RunLengthNonUniformity	22266.8058401	25056.1133651	13775.3054849	21622.2582266	16533.6032223
178	wavelet-HHH	glrlm	ShortRunEmphasis	0.607529640691	0.602735365559	0.601841711186	0.599638523057	0.614171422115
179	wavelet-HHH	glrlm	LongRunHighGrayLevelEmphasis	14.1230663267	66.7468074562	31.8911662625	22.795188374	17.4569693629
180	wavelet-HHH	glrlm	RunPercentage	0.531542745725	0.409147640226	0.464956061397	0.495025112173	0.520732717048
181	wavelet-HHH	glrlm	LongRunLowGrayLevelEmphasis	3.30442821191	6.1423841499	4.11500205273	3.70824856111	3.32287341431
182	wavelet-HHH	glrlm	RunEntropy	2.87357779265	3.11919737082	3.03323107873	2.97192490897	2.89516715514
183	wavelet-HHH	glrlm	HighGrayLevelRunEmphasis	2.50536283877	2.50852763492	2.50576867111	2.50426922295	2.50375299459
184	wavelet-HHH	glrlm	RunLengthNonUniformityNormalized	0.362311835829	0.350346800976	0.351480127046	0.352258956148	0.366754011492
185	wavelet-HHH	glszm	GrayLevelVariance	0.21484375	0.244260789715	0.244897959184	0.248888888889	0.229591836735
186	wavelet-HHH	glszm	ZoneVariance	355493556.309	471854671.521	375027038.0	442182256.462	225806682.245
187	wavelet-HHH	glszm	GrayLevelNonUniformityNormalized	0.5703125	0.511478420569	0.510204081633	0.502222222222	0.540816326531
188	wavelet-HHH	glszm	SizeZoneNonUniformityNormalized	0.3984375	0.439853076217	0.387755102041	0.333333333333	0.367346938776
189	wavelet-HHH	glszm	SizeZoneNonUniformity	6.375	14.5151515152	2.71428571429	5.0	5.14285714286
190	wavelet-HHH	glszm	GrayLevelNonUniformity	9.125	16.8787878788	3.57142857143	7.53333333333	7.57142857143
191	wavelet-HHH	glszm	LargeAreaEmphasis	406272541.562	499633320.909	518331879.0	509374158.4	263241850.429
192	wavelet-HHH	glszm	SmallAreaHighGrayLevelEmphasis	1.34375000009	2.0025123686	1.57142857178	1.59814814823	1.93253968272
193	wavelet-HHH	glszm	ZonePercentage	0.000140332412402	0.000189733682903	8.35352100911e-05	0.00012199485995	0.000163440659366
194	wavelet-HHH	glszm	LargeAreaLowGrayLevelEmphasis	247452013.375	208770946.273	255040822.929	278412095.3	150558913.643
195	wavelet-HHH	glszm	LargeAreaHighGrayLevelEmphasis	1041554654.31	1663082819.45	1571496103.29	1433222410.8	713973597.571
196	wavelet-HHH	glszm	HighGrayLevelZoneEmphasis	1.9375	2.72727272727	2.71428571429	2.6	2.92857142857
197	wavelet-HHH	glszm	SmallAreaEmphasis	0.593750000039	0.685435348392	0.607142857323	0.573148148185	0.617063492143
198	wavelet-HHH	glszm	LowGrayLevelZoneEmphasis	0.765625	0.568181818182	0.571428571429	0.6	0.517857142857
199	wavelet-HHH	glszm	ZoneEntropy	2.03063906223	2.53062280532	2.23592635063	2.54925539717	2.41379956461
200	wavelet-HHH	glszm	SmallAreaLowGrayLevelEmphasis	0.406250000025	0.35616609334	0.366071428708	0.316898148174	0.288194444498
201	wavelet-HHH	ngtdm	Coarseness	3.46591458027e-05	3.0537478949e-05	5.50160283474e-05	3.44270467977e-05	4.81479892803e-05
202	wavelet-HHH	ngtdm	Complexity	4.43903079062e-06	2.16499954294e-06	5.17706739815e-06	3.84264950279e-06	5.66129753869e-06
203	wavelet-HHH	ngtdm	Strength	3.46599619277e-05	3.05550225794e-05	5.50307238775e-05	3.44300300691e-05	4.81524204381e-05
204	wavelet-HHH	ngtdm	Contrast	1.10923615343e-06	4.91862682349e-07	1.25047515162e-06	9.49841210951e-07	1.40802189835e-06
205	wavelet-HHH	ngtdm	Busyness	27132.5770329	17202.3442794	11728.8963552	22052.2503595	17114.2127072
206	wavelet-HLL	gldm	GrayLevelVariance	0.24984890078	0.230932291232	0.245093799727	0.24757810755	0.249988695558
207	wavelet-HLL	gldm	HighGrayLevelEmphasis	2.46312327325	2.91425762384	2.71013282098	2.64763817951	2.51008662355
208	wavelet-HLL	gldm	DependenceEntropy	5.03185984134	4.98527832643	5.20182875948	5.09241102623	5.22306429001
209	wavelet-HLL	gldm	DependenceNonUniformity	8094.46864886	11836.2651787	4646.69576476	7940.95147858	5128.22494104
210	wavelet-HLL	gldm	GrayLevelNonUniformity	57041.955155	93596.8169012	42720.7497285	62073.5724161	42830.9366317
211	wavelet-HLL	gldm	SmallDependenceEmphasis	0.00708588096134	0.00636922755596	0.00670496064698	0.006561986844	0.00740665263232
212	wavelet-HLL	gldm	SmallDependenceHighGrayLevelEmphasis	0.0188355075325	0.0172601704532	0.0179400814173	0.0170093841794	0.0200155875165
213	wavelet-HLL	gldm	DependenceNonUniformityNormalized	0.0709947695379	0.0680526722477	0.055451815277	0.0645836842332	0.0598686046959
214	wavelet-HLL	gldm	LargeDependenceEmphasis	222.142270754	334.403074836	286.293053451	249.941312339	238.771883537
215	wavelet-HLL	gldm	LargeDependenceLowGrayLevelEmphasis	144.829956585	137.780631928	141.231935511	130.928525245	145.725329216
216	wavelet-HLL	gldm	DependenceVariance	16.0763275918	43.5488844762	32.6616675216	22.5105003241	22.8330821836
217	wavelet-HLL	gldm	LargeDependenceHighGrayLevelEmphasis	531.391527431	1120.89284647	866.53752521	725.992460718	610.95810082
218	wavelet-HLL	gldm	SmallDependenceLowGrayLevelEmphasis	0.00414847431855	0.00364649183165	0.00389618045442	0.00395013751016	0.00425441891127
219	wavelet-HLL	gldm	LowGrayLevelEmphasis	0.634219181687	0.521435594039	0.572466794754	0.588090455122	0.622478344113
220	wavelet-HLL	glcm	JointAverage	1.48476220899	1.64360803	1.57446910605	1.55167954526	1.50284911497
221	wavelet-HLL	glcm	SumAverage	2.96952441798	3.28721606	3.1489382121	3.10335909051	3.00569822995
222	wavelet-HLL	glcm	JointEntropy	1.97602483862	1.82111328367	1.92510186183	1.95922001804	1.97131248708
223	wavelet-HLL	glcm	ClusterShade	0.0183067185576	-0.23625435234	-0.118836188573	-0.0707470983859	-0.00476930350622
224	wavelet-HLL	glcm	MaximumProbability	0.288292286022	0.474708504685	0.38123013389	0.335625889243	0.28826384853
225	wavelet-HLL	glcm	Idmn	0.908379402926	0.932440189874	0.922704411137	0.913578537595	0.913722450232
226	wavelet-HLL	glcm	JointEnergy	0.258160991255	0.320034808416	0.277452168368	0.264495804121	0.259714296216
227	wavelet-HLL	glcm	Contrast	0.458102985368	0.337799050632	0.386477944315	0.432107312027	0.431387748841
228	wavelet-HLL	glcm	DifferenceEntropy	0.977337534798	0.914528644214	0.951658776169	0.973026238397	0.971385061949
229	wavelet-HLL	glcm	InverseVariance	0.458102985368	0.337799050632	0.386477944315	0.432107312027	0.431387748841
230	wavelet-HLL	glcm	DifferenceVariance	0.242310581553	0.221232290554	0.23365360023	0.240852363731	0.240315824334
231	wavelet-HLL	glcm	Idn	0.847299004877	0.887400316456	0.871174018562	0.855964229324	0.85620408372
232	wavelet-HLL	glcm	Idm	0.770948507316	0.831100474684	0.806761027842	0.783946343987	0.784306125579
233	wavelet-HLL	glcm	Correlation	0.0829004845636	0.263766716095	0.209539092621	0.126472636564	0.137177189779
234	wavelet-HLL	glcm	Autocorrelation	2.22523513429	2.76192456469	2.53016834599	2.43898497976	2.2928534705
235	wavelet-HLL	glcm	SumEntropy	1.51792185326	1.48331423304	1.53862391752	1.52711270602	1.53992473824
236	wavelet-HLL	glcm	SumSquares	0.249764213596	0.229366450515	0.244447115701	0.247325916074	0.249984939725
237	wavelet-HLL	glcm	ClusterProminence	0.541102600921	0.639901284477	0.605111839012	0.561301665566	0.568590791086
238	wavelet-HLL	glcm	Imc2	0.127787062634	0.303805349925	0.244461334691	0.151839328086	0.16426190865
239	wavelet-HLL	glcm	Imc1	-0.0226258327482	-0.0618900359304	-0.0434426906806	-0.0255218505945	-0.028602732795
240	wavelet-HLL	glcm	DifferenceAverage	0.458102985368	0.337799050632	0.386477944315	0.432107312027	0.431387748841
241	wavelet-HLL	glcm	Id	0.770948507316	0.831100474684	0.806761027842	0.783946343987	0.784306125579
242	wavelet-HLL	glcm	ClusterTendency	0.540953869016	0.579666751427	0.591310518489	0.557196352271	0.568552010058
243	wavelet-HLL	firstorder	InterquartileRange	0.338352127962	0.0499137977866	0.105591504699	0.154487208048	0.278261463821
244	wavelet-HLL	firstorder	Skewness	0.288157436063	0.708418221039	0.291708652539	-0.0760989348643	0.555553127027
245	wavelet-HLL	firstorder	Uniformity	0.500302198439	0.538135417536	0.509812400545	0.5048437849	0.500022608883
246	wavelet-HLL	firstorder	Median	-0.000443435306267	5.13478148889e-16	5.13478148889e-16	2.56739074445e-16	5.13478148889e-16
247	wavelet-HLL	firstorder	Energy	41224.9237345	46311.3891008	19309.7650338	31677.7497656	30363.6783574
248	wavelet-HLL	firstorder	RobustMeanAbsoluteDeviation	0.174183277924	0.0672515324893	0.0838550453412	0.0999213123845	0.155476458228
249	wavelet-HLL	firstorder	MeanAbsoluteDeviation	0.37035018426	0.247722790259	0.252782624755	0.276721077891	0.350944363162
250	wavelet-HLL	firstorder	TotalEnergy	41224.9237345	46311.3891008	19309.7650338	31677.7497656	30363.6783574
251	wavelet-HLL	firstorder	Maximum	4.02468104889	4.9273509055	3.22048684532	4.24318580193	4.44377432202
252	wavelet-HLL	firstorder	RootMeanSquared	0.601310703731	0.516011228867	0.48003649845	0.507577425699	0.595378607725
253	wavelet-HLL	firstorder	90Percentile	0.629516213625	0.36214919921	0.327663656743	0.434465654437	0.572176833462
254	wavelet-HLL	firstorder	Minimum	-3.94707518546	-3.96853563046	-3.08237334071	-4.49406426157	-3.95340447156
255	wavelet-HLL	firstorder	Entropy	0.999563975883	0.944260594695	0.985797028621	0.993000568637	0.99996738203
256	wavelet-HLL	firstorder	Range	7.97175623435	8.89588653596	6.30286018603	8.7372500635	8.39717879358
257	wavelet-HLL	firstorder	Variance	0.361223484335	0.266254764456	0.229892038179	0.257381075018	0.353876046832
258	wavelet-HLL	firstorder	10Percentile	-0.67672117393	-0.46164486639	-0.490135999056	-0.514303624471	-0.654176043993
259	wavelet-HLL	firstorder	Kurtosis	6.90076048763	10.6118233216	9.2379058105	9.99332283062	7.91955878149
260	wavelet-HLL	firstorder	Mean	-0.0187370778396	-0.00358104188471	-0.0233023961064	-0.0159300992056	-0.0244875418228
261	wavelet-HLL	glrlm	ShortRunLowGrayLevelEmphasis	0.341168014108	0.35872463089	0.351190717532	0.357345677919	0.347574436434
262	wavelet-HLL	glrlm	GrayLevelVariance	0.249972571688	0.249839310187	0.249975510536	0.249989428526	0.249973332699
263	wavelet-HLL	glrlm	LowGrayLevelRunEmphasis	0.621960476112	0.61713203635	0.624537935385	0.625254724691	0.624222011266
264	wavelet-HLL	glrlm	GrayLevelNonUniformityNormalized	0.500054856624	0.500321379627	0.500048978927	0.500021142948	0.500053334602
265	wavelet-HLL	glrlm	RunVariance	2.56138965889	13.769650807	6.08804106978	4.14622041232	3.2033870904
266	wavelet-HLL	glrlm	GrayLevelNonUniformity	27728.7600042	33288.8020623	17847.6284221	28184.5760431	20272.1373842
267	wavelet-HLL	glrlm	LongRunEmphasis	7.22234034894	21.1398038327	12.0565943774	9.32496896933	8.08610353051
268	wavelet-HLL	glrlm	ShortRunHighGrayLevelEmphasis	1.44601867833	1.40906337165	1.37946633535	1.36823681801	1.44888530513
269	wavelet-HLL	glrlm	RunLengthNonUniformity	18658.8016408	22046.7898775	11466.6909848	18619.8859759	13676.6934071
270	wavelet-HLL	glrlm	ShortRunEmphasis	0.562138146952	0.568792379041	0.556845841096	0.559523905938	0.567836610173
271	wavelet-HLL	glrlm	LongRunHighGrayLevelEmphasis	17.4345602192	75.4369113249	37.7539127094	27.5991897133	21.0203238286
272	wavelet-HLL	glrlm	RunPercentage	0.486346263481	0.382521237789	0.425930430775	0.458430407876	0.473274758117
273	wavelet-HLL	glrlm	LongRunLowGrayLevelEmphasis	4.66928538137	7.56552695968	5.63226479443	4.75641378335	4.85254845599
274	wavelet-HLL	glrlm	RunEntropy	3.06202150432	3.29126485269	3.23915739591	3.1425063743	3.10414045141
275	wavelet-HLL	glrlm	HighGrayLevelRunEmphasis	2.51215809555	2.5314718546	2.50184825846	2.49898110124	2.50311195494
276	wavelet-HLL	glrlm	RunLengthNonUniformityNormalized	0.326519975847	0.322927630912	0.313502784637	0.321597961674	0.327886628359
277	wavelet-HLL	glszm	GrayLevelVariance	0.225921521998	0.238751147842	0.2016	0.2176	0.222222222222
278	wavelet-HLL	glszm	ZoneVariance	208627622.454	464779612.369	131786695.546	280889376.262	139978588.826
279	wavelet-HLL	glszm	GrayLevelNonUniformityNormalized	0.548156956005	0.522497704316	0.5968	0.5648	0.555555555556
280	wavelet-HLL	glszm	SizeZoneNonUniformityNormalized	0.424494649227	0.221303948577	0.3248	0.4368	0.420138888889
281	wavelet-HLL	glszm	SizeZoneNonUniformity	12.3103448276	7.30303030303	8.12	10.92	10.0833333333
282	wavelet-HLL	glszm	GrayLevelNonUniformity	15.8965517241	17.2424242424	14.92	14.12	13.3333333333
283	wavelet-HLL	glszm	LargeAreaEmphasis	224084721.414	492558261.758	143021795.08	305078460.96	152716944.667
284	wavelet-HLL	glszm	SmallAreaHighGrayLevelEmphasis	1.99227852066	1.45328288814	1.81875555566	2.14576530617	2.08275462974
285	wavelet-HLL	glszm	ZonePercentage	0.000254352497478	0.000189733682903	0.000298340036039	0.000203324766583	0.000280183987485
286	wavelet-HLL	glszm	LargeAreaLowGrayLevelEmphasis	144216256.914	212903724.053	74674339.48	168390958.11	94698949.1979
287	wavelet-HLL	glszm	LargeAreaHighGrayLevelEmphasis	543558579.414	1611176412.58	416411617.48	851828472.36	384788926.542
288	wavelet-HLL	glszm	HighGrayLevelZoneEmphasis	2.96551724138	2.81818181818	3.16	3.04	3.0
289	wavelet-HLL	glszm	SmallAreaEmphasis	0.672638595689	0.457575817421	0.583388888937	0.669149659886	0.658926504675
290	wavelet-HLL	glszm	LowGrayLevelZoneEmphasis	0.508620689655	0.545454545455	0.46	0.49	0.5
291	wavelet-HLL	glszm	ZoneEntropy	2.53783573598	3.40079318125	2.78268318926	2.52307418943	2.58272300885
292	wavelet-HLL	glszm	SmallAreaLowGrayLevelEmphasis	0.342728614447	0.208649049742	0.274547222257	0.299995748315	0.302969473408
293	wavelet-HLL	ngtdm	Coarseness	3.82452957026e-05	3.30793573985e-05	6.08992591903e-05	3.74709131871e-05	5.38815752928e-05
294	wavelet-HLL	ngtdm	Complexity	4.02279581236e-06	1.9986370101e-06	4.6769318793e-06	3.53050040704e-06	5.05887386781e-06
295	wavelet-HLL	ngtdm	Strength	3.82353258499e-05	3.32612142595e-05	6.10106950582e-05	3.74973064578e-05	5.3886343507e-05
296	wavelet-HLL	ngtdm	Contrast	1.00535318907e-06	4.59026284156e-07	1.14419331528e-06	8.73459373616e-07	1.26454937375e-06
297	wavelet-HLL	ngtdm	Busyness	28228.9922923	16532.7214816	11561.6124959	20603.6082512	18192.2235961
298	wavelet-LHL	gldm	GrayLevelVariance	0.249850835174	0.233262012675	0.243805039983	0.247964754144	0.249918351904
299	wavelet-LHL	gldm	HighGrayLevelEmphasis	2.4633600842	2.88812612115	2.73612420492	2.63534109763	2.52710780079
300	wavelet-LHL	gldm	DependenceEntropy	5.08763242971	4.97968452298	5.18361376356	5.10213717863	5.22728311097
301	wavelet-LHL	gldm	DependenceNonUniformity	7755.63770557	12009.9805207	4682.29684834	7976.3504343	5147.39818814
302	wavelet-LHL	gldm	GrayLevelNonUniformity	57041.5140552	92786.4093188	42936.738129	61978.491379	42842.9876252
303	wavelet-LHL	gldm	SmallDependenceEmphasis	0.00682257106886	0.00658800825483	0.00673552666939	0.00647600093673	0.00750509040513
304	wavelet-LHL	gldm	SmallDependenceHighGrayLevelEmphasis	0.0180181443886	0.0177013727488	0.0177855282899	0.0168091469131	0.0203223638855
305	wavelet-LHL	gldm	DependenceNonUniformityNormalized	0.0680229593086	0.0690514495692	0.0558766644192	0.0648715836096	0.0600924395637
306	wavelet-LHL	gldm	LargeDependenceEmphasis	231.677419638	337.074134124	284.947969498	253.195452032	238.362394639
307	wavelet-LHL	gldm	LargeDependenceLowGrayLevelEmphasis	150.585569881	140.126854216	136.03010251	135.177545219	142.930528964
308	wavelet-LHL	gldm	DependenceVariance	17.2909585061	42.8769269756	32.7308758713	22.5551202828	22.7693049346
309	wavelet-LHL	gldm	LargeDependenceHighGrayLevelEmphasis	556.044818664	1124.86325376	880.61943745	725.26707928	620.08985734
310	wavelet-LHL	gldm	SmallDependenceLowGrayLevelEmphasis	0.00402367773894	0.00380966713133	0.00397302626427	0.00389271444264	0.00430077203504
311	wavelet-LHL	gldm	LowGrayLevelEmphasis	0.63415997895	0.527968469712	0.565968948769	0.591164725593	0.618223049803
312	wavelet-LHL	glcm	JointAverage	1.48556493567	1.64032678974	1.58459665641	1.54675042607	1.50913424355
313	wavelet-LHL	glcm	SumAverage	2.97112987134	3.28065357948	3.16919331282	3.09350085214	3.0182684871
314	wavelet-LHL	glcm	JointEntropy	1.97391518961	1.82519412712	1.92082856713	1.9623846696	1.9743993635
315	wavelet-LHL	glcm	ClusterShade	0.018529085511	-0.236258715305	-0.131918445214	-0.0656301669071	-0.0133817859233
316	wavelet-LHL	glcm	MaximumProbability	0.291672691006	0.473611367618	0.390539210982	0.332866005541	0.293319210708
317	wavelet-LHL	glcm	Idmn	0.91069977497	0.933313831151	0.922377021829	0.914446231789	0.913673986863
318	wavelet-LHL	glcm	JointEnergy	0.258852413403	0.318610556231	0.279514018479	0.263358095515	0.258719158369
319	wavelet-LHL	glcm	Contrast	0.446501125152	0.333430844244	0.388114890856	0.427768841054	0.431630065683
320	wavelet-LHL	glcm	DifferenceEntropy	0.975053814233	0.913534124762	0.955239814024	0.973551667199	0.974850615989
321	wavelet-LHL	glcm	InverseVariance	0.446501125152	0.333430844244	0.388114890856	0.427768841054	0.431630065683
322	wavelet-LHL	glcm	DifferenceVariance	0.24156914382	0.220799627436	0.234816630109	0.241018832067	0.241461383558
323	wavelet-LHL	glcm	Idn	0.851166291616	0.888856385252	0.870628369715	0.857410386315	0.856123311439
324	wavelet-LHL	glcm	Idm	0.776749437424	0.833284577878	0.805942554572	0.786115579473	0.784184967158
325	wavelet-LHL	glcm	Correlation	0.106225013168	0.276056391495	0.200921059039	0.136938692237	0.136438871282
326	wavelet-LHL	glcm	Autocorrelation	2.23344424443	2.7542649471	2.5597325238	2.42636685768	2.31158769781
327	wavelet-LHL	glcm	SumEntropy	1.52741406446	1.49176328287	1.53271367627	1.53461582854	1.54276929782
328	wavelet-LHL	glcm	SumSquares	0.249789221388	0.230294908166	0.242834675706	0.247811536209	0.249909729037
329	wavelet-LHL	glcm	ClusterProminence	0.552866757879	0.647816914143	0.600154121686	0.567134780476	0.568189025138
330	wavelet-LHL	glcm	Imc2	0.133008984249	0.318920685954	0.235158327008	0.160745811221	0.160730012951
331	wavelet-LHL	glcm	Imc1	-0.0248803140598	-0.0631711876525	-0.0384290651691	-0.0251312204643	-0.0250878999103
332	wavelet-LHL	glcm	DifferenceAverage	0.446501125152	0.333430844244	0.388114890856	0.427768841054	0.431630065683
333	wavelet-LHL	glcm	Id	0.776749437424	0.833284577878	0.805942554572	0.786115579473	0.784184967158
334	wavelet-LHL	glcm	ClusterTendency	0.552655760402	0.587748788421	0.583223811967	0.563477303782	0.568008850464
335	wavelet-LHL	firstorder	InterquartileRange	0.372043517719	0.0416194398345	0.0977735522617	0.151628766069	0.267936195097
336	wavelet-LHL	firstorder	Skewness	0.300184796585	0.470878501346	0.343539396329	-0.0885756507576	0.374829788179
337	wavelet-LHL	firstorder	Uniformity	0.500298329651	0.533475974649	0.512389920034	0.504070491713	0.500163296192
338	wavelet-LHL	firstorder	Median	-0.000479089101603	2.84579258136e-16	2.84579258136e-16	1.42289629068e-16	2.84579258136e-16
339	wavelet-LHL	firstorder	Energy	50759.2337206	26214.9079202	16322.2865826	29031.6696142	28898.8533589
340	wavelet-LHL	firstorder	RobustMeanAbsoluteDeviation	0.188834750245	0.053788135586	0.0765075390357	0.099348280071	0.148159697681
341	wavelet-LHL	firstorder	MeanAbsoluteDeviation	0.405363966907	0.191432973775	0.230218132716	0.270112246382	0.336536033386
342	wavelet-LHL	firstorder	TotalEnergy	50759.2337206	26214.9079202	16322.2865826	29031.6696142	28898.8533589
343	wavelet-LHL	firstorder	Maximum	4.65240806994	4.09316085472	3.55333436933	3.68047631621	5.39274082292
344	wavelet-LHL	firstorder	RootMeanSquared	0.667231487177	0.3882302904	0.441343021574	0.485915937085	0.580839764474
345	wavelet-LHL	firstorder	90Percentile	0.673379265595	0.184925253926	0.32621307395	0.423383220331	0.54329804551
346	wavelet-LHL	firstorder	Minimum	-4.0761151803	-3.71585328334	-3.37465162551	-3.15206611301	-4.23639611632
347	wavelet-LHL	firstorder	Entropy	0.999569558481	0.951150490239	0.982050559456	0.994119527774	0.999764400569
348	wavelet-LHL	firstorder	Range	8.72852325024	7.80901413807	6.92798599485	6.83254242922	9.62913693924
349	wavelet-LHL	firstorder	Variance	0.444731923262	0.150193959096	0.194537209417	0.235855679251	0.336710787647
350	wavelet-LHL	firstorder	10Percentile	-0.719220395997	-0.387096856725	-0.439237412878	-0.51342059866	-0.621348592165
351	wavelet-LHL	firstorder	Kurtosis	7.70880941569	12.5323203445	10.444551464	8.26176965003	10.1593855371
352	wavelet-LHL	firstorder	Mean	-0.0215855094572	-0.0229956362897	-0.0156988303724	-0.0160816249741	-0.0257690579249
353	wavelet-LHL	glrlm	ShortRunLowGrayLevelEmphasis	0.336484322186	0.363358508831	0.359056392208	0.351999122391	0.350653420449
354	wavelet-LHL	glrlm	GrayLevelVariance	0.249983964249	0.249962010939	0.249974287903	0.249990293452	0.249976210358
355	wavelet-LHL	glrlm	LowGrayLevelRunEmphasis	0.622880148308	0.627724270842	0.625880320875	0.624250963584	0.624283810771
356	wavelet-LHL	glrlm	GrayLevelNonUniformityNormalized	0.500032071502	0.500075978123	0.500051424194	0.500019413096	0.500047579284
357	wavelet-LHL	glrlm	RunVariance	2.79834800505	13.6106225911	5.85669504536	4.13435708132	3.12634383555
358	wavelet-LHL	glrlm	GrayLevelNonUniformity	27098.1622761	32943.6803388	17919.2895102	27933.8087334	20291.3135619
359	wavelet-LHL	glrlm	LongRunEmphasis	7.70110398004	20.8770772443	11.658908855	9.3415002069	7.89110621667
360	wavelet-LHL	glrlm	ShortRunHighGrayLevelEmphasis	1.41468631234	1.36698954153	1.36887248459	1.36726724679	1.44274540971
361	wavelet-LHL	glrlm	RunLengthNonUniformity	17674.7711386	21166.7282757	11595.122119	18115.1281587	13610.8955994
362	wavelet-LHL	glrlm	ShortRunEmphasis	0.552124720217	0.56408471537	0.561019610685	0.555052747272	0.569071818301
363	wavelet-LHL	glrlm	LongRunHighGrayLevelEmphasis	18.5802647591	74.51311953	37.2322636521	27.3809980063	20.7686216681
364	wavelet-LHL	glrlm	RunPercentage	0.475309928856	0.378762387973	0.427640607659	0.454352025865	0.47372736302
365	wavelet-LHL	glrlm	LongRunLowGrayLevelEmphasis	4.98131378527	7.46806667292	5.26557015577	4.83162575705	4.6717273538
366	wavelet-LHL	glrlm	RunEntropy	3.1077119036	3.30592942779	3.22210035888	3.15957731204	3.09765736373
367	wavelet-LHL	glrlm	HighGrayLevelRunEmphasis	2.50847940677	2.48910291663	2.4964787165	2.50299614566	2.50286475692
368	wavelet-LHL	glrlm	RunLengthNonUniformityNormalized	0.316714239768	0.316633741348	0.317246420207	0.316990866166	0.328189365768
369	wavelet-LHL	glszm	GrayLevelVariance	0.193905817175	0.230224609375	0.177514792899	0.237252861602	0.177514792899
370	wavelet-LHL	glszm	ZoneVariance	306071595.745	244440983.547	235124068.686	229805208.606	130161547.941
371	wavelet-LHL	glszm	GrayLevelNonUniformityNormalized	0.612188365651	0.53955078125	0.644970414201	0.525494276795	0.644970414201
372	wavelet-LHL	glszm	SizeZoneNonUniformityNormalized	0.235457063712	0.39599609375	0.609467455621	0.365244536941	0.547337278107
373	wavelet-LHL	glszm	SizeZoneNonUniformity	4.47368421053	25.34375	7.92307692308	11.3225806452	14.2307692308
374	wavelet-LHL	glszm	GrayLevelNonUniformity	11.6315789474	34.53125	8.38461538462	16.2903225806	16.7692307692
375	wavelet-LHL	glszm	LargeAreaEmphasis	342081070.053	251826469.188	276673993.0	245536923.419	141015531.615
376	wavelet-LHL	glszm	SmallAreaHighGrayLevelEmphasis	1.42872807026	2.00255155188	2.64957264977	1.61884885208	2.64684235528
377	wavelet-LHL	glszm	ZonePercentage	0.000166644739727	0.000367968354721	0.000155136818741	0.000252122710563	0.000303532653109
378	wavelet-LHL	glszm	LargeAreaLowGrayLevelEmphasis	220110755.118	111590195.547	141062379.192	136987184.379	86235470.2019
379	wavelet-LHL	glszm	LargeAreaHighGrayLevelEmphasis	829962329.789	812771563.75	819120448.231	679735879.581	360135777.269
380	wavelet-LHL	glszm	HighGrayLevelZoneEmphasis	3.21052631579	2.921875	3.30769230769	2.83870967742	3.30769230769
381	wavelet-LHL	glszm	SmallAreaEmphasis	0.448464912313	0.652229684848	0.777777777872	0.574161557786	0.751810303936
382	wavelet-LHL	glszm	LowGrayLevelZoneEmphasis	0.447368421053	0.51953125	0.423076923077	0.540322580645	0.423076923077
383	wavelet-LHL	glszm	ZoneEntropy	2.92585301456	2.75281580705	1.70043971814	2.6415968113	2.05602096806
384	wavelet-LHL	glszm	SmallAreaLowGrayLevelEmphasis	0.203399122827	0.31464921809	0.309829059899	0.312989734212	0.2780522911
385	wavelet-LHL	ngtdm	Coarseness	3.92539101453e-05	3.35302684666e-05	6.05515774607e-05	3.78218226409e-05	5.37364056859e-05
386	wavelet-LHL	ngtdm	Complexity	3.91943158848e-06	1.97175957696e-06	4.70378640289e-06	3.49774455651e-06	5.07254048212e-06
387	wavelet-LHL	ngtdm	Strength	3.92452731216e-05	3.3632024587e-05	6.06489963453e-05	3.78513078603e-05	5.37495925525e-05
388	wavelet-LHL	ngtdm	Contrast	9.79488772352e-07	4.58545035996e-07	1.14496474643e-06	8.66641750536e-07	1.26740993597e-06
389	wavelet-LHL	ngtdm	Busyness	27489.6025787	16790.2951351	11217.4319716	20807.5334562	17652.3263047
390	wavelet-LHH	gldm	GrayLevelVariance	0.249999945978	0.229975816947	0.242665535063	0.247628276096	0.249156344986
391	wavelet-LHH	gldm	HighGrayLevelEmphasis	2.50069727667	2.92452049124	2.75692447224	2.64610104428	2.58713722011
392	wavelet-LHH	gldm	DependenceEntropy	4.65352175894	4.85462103011	4.97506913963	4.81421616636	4.88350410627
393	wavelet-LHH	gldm	DependenceNonUniformity	11424.2221725	12974.5135228	5777.32664654	10737.7871922	7150.88131873
394	wavelet-LHH	gldm	GrayLevelNonUniformity	57007.5123186	93929.5322202	43127.7123167	62061.2353687	42973.5316024
395	wavelet-LHH	gldm	SmallDependenceEmphasis	0.00712604374398	0.00689386235073	0.00690336603165	0.00669687193095	0.00762347317839
396	wavelet-LHH	gldm	SmallDependenceHighGrayLevelEmphasis	0.0179664421101	0.0175181452159	0.0173365505745	0.0166342541111	0.0193197568723
397	wavelet-LHH	gldm	DependenceNonUniformityNormalized	0.10019929108	0.0745970374111	0.0689443135976	0.0873303229787	0.0834817684131
398	wavelet-LHH	gldm	LargeDependenceEmphasis	192.970460027	318.580067614	259.710335692	226.103646833	205.163907633
399	wavelet-LHH	gldm	LargeDependenceLowGrayLevelEmphasis	120.686628952	124.563845384	118.232797714	116.838804125	113.943767657
400	wavelet-LHH	gldm	DependenceVariance	10.0467033621	43.7214614855	30.4428833006	18.9928864451	17.0439392825
401	wavelet-LHH	gldm	LargeDependenceHighGrayLevelEmphasis	482.105784327	1094.64495653	825.620487607	663.163017665	570.044467534
402	wavelet-LHH	gldm	SmallDependenceLowGrayLevelEmphasis	0.00441594415245	0.00423779163445	0.00429506989593	0.00421252638591	0.0046994022549
403	wavelet-LHH	gldm	LowGrayLevelEmphasis	0.624825680831	0.518869877191	0.560768881941	0.588474738931	0.603215694973
404	wavelet-LHH	glcm	JointAverage	1.49919754563	1.65155520865	1.59120645143	1.55101557513	1.53009931343
405	wavelet-LHH	glcm	SumAverage	2.99839509125	3.30311041729	3.18241290287	3.10203115026	3.06019862686
406	wavelet-LHH	glcm	JointEntropy	1.98493434479	1.8290357755	1.93121904711	1.97213397501	1.98186695937
407	wavelet-LHH	glcm	ClusterShade	0.000397214072696	-0.226184655272	-0.123884460362	-0.0613600916352	-0.0351708580032
408	wavelet-LHH	glcm	MaximumProbability	0.279014579099	0.473145388748	0.382058118331	0.321213917742	0.298503905074
409	wavelet-LHH	glcm	Idmn	0.901701441106	0.92863607204	0.916340666759	0.908079337046	0.905718800475
410	wavelet-LHH	glcm	JointEnergy	0.255126887044	0.317543386037	0.275700083495	0.25990413484	0.256306593789
411	wavelet-LHH	glcm	Contrast	0.491492794469	0.356819639798	0.418296666205	0.459603314772	0.471405997627
412	wavelet-LHH	glcm	DifferenceEntropy	0.98498517767	0.936574869765	0.973517558593	0.98627583934	0.986952300618
413	wavelet-LHH	glcm	InverseVariance	0.491492794469	0.356819639798	0.418296666205	0.459603314772	0.471405997627
414	wavelet-LHH	glcm	DifferenceVariance	0.244891248993	0.228430666787	0.240979060089	0.245320455681	0.245547478865
415	wavelet-LHH	glcm	Idn	0.83616906851	0.881060120067	0.860567777932	0.846798895076	0.842864667458
416	wavelet-LHH	glcm	Idm	0.754253602766	0.821590180101	0.790851666897	0.770198342614	0.764297001187
417	wavelet-LHH	glcm	Correlation	0.0169794992804	0.214199582927	0.13457875987	0.0711041092848	0.0537106193457
418	wavelet-LHH	glcm	Autocorrelation	2.25184623964	2.77625580604	2.5644710212	2.423245068	2.35459494148
419	wavelet-LHH	glcm	SumEntropy	1.49344155032	1.47221613571	1.5129223809	1.51253066024	1.51046096174
420	wavelet-LHH	glcm	SumSquares	0.249990931982	0.227012973588	0.241660428208	0.247387704739	0.249072963673
421	wavelet-LHH	glcm	ClusterProminence	0.508475013762	0.605093136096	0.561473547825	0.532202428669	0.52557485579
422	wavelet-LHH	glcm	Imc2	0.129076517336	0.249872032348	0.158520579601	0.114043390218	0.11428026237
423	wavelet-LHH	glcm	Imc1	-0.0150134921811	-0.0388236086429	-0.0208842385504	-0.0128594353161	-0.01281302306
424	wavelet-LHH	glcm	DifferenceAverage	0.491492794469	0.356819639798	0.418296666205	0.459603314772	0.471405997627
425	wavelet-LHH	glcm	Id	0.754253602766	0.821590180101	0.790851666897	0.770198342614	0.764297001187
426	wavelet-LHH	glcm	ClusterTendency	0.508470933459	0.551232254555	0.548345046627	0.529947504185	0.524885857067
427	wavelet-LHH	firstorder	InterquartileRange	0.28384631013	0.0227834437956	0.0701435560378	0.118693900895	0.19305923901
428	wavelet-LHH	firstorder	Skewness	0.0167859969413	0.217523445996	0.099395846641	0.27558093736	0.0547366982211
429	wavelet-LHH	firstorder	Uniformity	0.500000108043	0.540048366107	0.514668929874	0.504743447809	0.501687310028
430	wavelet-LHH	firstorder	Median	3.27408090546e-33	6.54816181092e-33	6.54816181092e-33	3.27408090546e-33	6.54816181092e-33
431	wavelet-LHH	firstorder	Energy	25461.2916302	12526.9930836	8551.12923777	14879.8879973	13874.645491
432	wavelet-LHH	firstorder	RobustMeanAbsoluteDeviation	0.134986909196	0.0275000419879	0.0500526536493	0.0696086006864	0.0983507823643
433	wavelet-LHH	firstorder	MeanAbsoluteDeviation	0.28868647874	0.123374450894	0.162708365624	0.190842384383	0.233080473902
434	wavelet-LHH	firstorder	TotalEnergy	25461.2916302	12526.9930836	8551.12923777	14879.8879973	13874.645491
435	wavelet-LHH	firstorder	Maximum	3.28660735609	3.42692869244	3.12729729877	2.66042239678	3.46667147881
436	wavelet-LHH	firstorder	RootMeanSquared	0.472562461303	0.268372905051	0.319446033312	0.347876400685	0.402463947588
437	wavelet-LHH	firstorder	90Percentile	0.519127588048	0.202751709329	0.290471696775	0.339940846157	0.426966950953
438	wavelet-LHH	firstorder	Minimum	-3.81664877062	-3.61423901771	-2.83601971285	-2.51255059675	-3.30816483574
439	wavelet-LHH	firstorder	Entropy	0.999999844126	0.941425293938	0.978732495333	0.993145789744	0.997564355213
440	wavelet-LHH	firstorder	Range	7.10325612672	7.04116771015	5.96331701163	5.17297299353	6.77483631454
441	wavelet-LHH	firstorder	Variance	0.223242215317	0.0719801431656	0.102022091043	0.121001265235	0.161911803014
442	wavelet-LHH	firstorder	10Percentile	-0.462304379332	-0.172139788252	-0.251694850352	-0.322096841233	-0.373547023431
443	wavelet-LHH	firstorder	Kurtosis	8.11229555812	17.3816691043	12.1794178651	9.1824453141	9.6849916244
444	wavelet-LHH	firstorder	Mean	0.00854777844946	0.00662366967442	0.00486591777821	0.00408961106628	0.00808863980011
445	wavelet-LHH	glrlm	ShortRunLowGrayLevelEmphasis	0.369189206891	0.384090028115	0.380002932557	0.375357097189	0.379824401165
446	wavelet-LHH	glrlm	GrayLevelVariance	0.249967215491	0.249929931544	0.249931577257	0.249965832191	0.24992716548
447	wavelet-LHH	glrlm	LowGrayLevelRunEmphasis	0.623732067559	0.624492562945	0.624405680496	0.624897699216	0.623306440291
448	wavelet-LHH	glrlm	GrayLevelNonUniformityNormalized	0.500065569018	0.500140136912	0.500136845486	0.500068335618	0.500145669039
449	wavelet-LHH	glrlm	RunVariance	2.07239509635	12.5479841951	5.17221038508	3.52543561635	2.50336602909
450	wavelet-LHH	glrlm	GrayLevelNonUniformity	29549.1826684	34865.8140847	19114.7419376	29817.6205458	21889.0667054
451	wavelet-LHH	glrlm	LongRunEmphasis	6.09278586697	18.9090415344	10.1981797377	7.99518795693	6.52817859197
452	wavelet-LHH	glrlm	ShortRunHighGrayLevelEmphasis	1.49553201033	1.42753967637	1.43367236676	1.43982863099	1.50086623215
453	wavelet-LHH	glrlm	RunLengthNonUniformity	21294.1794293	24074.5340589	13319.5213259	20891.4188253	15985.7926737
454	wavelet-LHH	glrlm	ShortRunEmphasis	0.594457767579	0.592779957767	0.590736819398	0.58825140395	0.604032767362
455	wavelet-LHH	glrlm	LongRunHighGrayLevelEmphasis	15.2554892454	68.5469258514	33.2138456874	23.9145749708	18.1744829773
456	wavelet-LHH	glrlm	RunPercentage	0.518271887302	0.400813068538	0.456093067404	0.484948336741	0.510935257742
457	wavelet-LHH	glrlm	LongRunLowGrayLevelEmphasis	3.80211002237	6.49957045518	4.44426325032	4.01534120346	3.61660249565
458	wavelet-LHH	glrlm	RunEntropy	2.9300101762	3.17096120238	3.08279850255	3.01901588406	2.93870781818
459	wavelet-LHH	glrlm	HighGrayLevelRunEmphasis	2.50507172976	2.50202974822	2.50237727802	2.50040920314	2.50677423884
460	wavelet-LHH	glrlm	RunLengthNonUniformityNormalized	0.353267409103	0.342699497312	0.343905673979	0.34532862423	0.359942241732
461	wavelet-LHH	glszm	GrayLevelVariance	0.248520710059	0.249864791779	0.246913580247	0.249134948097	0.25
462	wavelet-LHH	glszm	ZoneVariance	422944151.467	363311213.671	314744389.506	396353323.031	181726229.951
463	wavelet-LHH	glszm	GrayLevelNonUniformityNormalized	0.502958579882	0.500270416441	0.506172839506	0.501730103806	0.5
464	wavelet-LHH	glszm	SizeZoneNonUniformityNormalized	0.514792899408	0.539210383991	0.358024691358	0.377162629758	0.413580246914
465	wavelet-LHH	glszm	SizeZoneNonUniformity	6.69230769231	23.1860465116	3.22222222222	6.41176470588	7.44444444444
466	wavelet-LHH	glszm	GrayLevelNonUniformity	6.53846153846	21.511627907	4.55555555556	8.52941176471	9.0
467	wavelet-LHH	glszm	LargeAreaEmphasis	499863797.769	379671921.721	401434972.333	448665357.412	204372195.889
468	wavelet-LHH	glszm	SmallAreaHighGrayLevelEmphasis	1.53846153858	2.02957220788	1.56694444472	1.5260437509	1.70515243149
469	wavelet-LHH	glszm	ZonePercentage	0.000114020085077	0.000247228738329	0.000107402412974	0.000138260841277	0.000210137990614
470	wavelet-LHH	glszm	LargeAreaLowGrayLevelEmphasis	312243870.462	162647503.488	200763206.75	247952008.735	118860893.264
471	wavelet-LHH	glszm	LargeAreaHighGrayLevelEmphasis	1250343507.0	1247769594.65	1204122034.67	1251518752.12	546417406.389
472	wavelet-LHH	glszm	HighGrayLevelZoneEmphasis	2.38461538462	2.46511627907	2.33333333333	2.41176470588	2.5
473	wavelet-LHH	glszm	SmallAreaEmphasis	0.730769230817	0.755455067478	0.566944444583	0.629059957348	0.660084404193
474	wavelet-LHH	glszm	LowGrayLevelZoneEmphasis	0.653846153846	0.633720930233	0.666666666667	0.647058823529	0.625
475	wavelet-LHH	glszm	ZoneEntropy	1.98777337149	2.26535187414	2.41938194565	2.60397572661	2.55217969707
476	wavelet-LHH	glszm	SmallAreaLowGrayLevelEmphasis	0.528846153876	0.436925782378	0.316944444548	0.404814008959	0.39881739737
477	wavelet-LHH	ngtdm	Coarseness	3.56187263347e-05	3.12574922541e-05	5.62510602056e-05	3.5194656443e-05	4.92031685565e-05
478	wavelet-LHH	ngtdm	Complexity	4.31944180006e-06	2.11512898826e-06	5.06340121754e-06	3.75883976801e-06	5.53988901939e-06
479	wavelet-LHH	ngtdm	Strength	3.56187499531e-05	3.12815492751e-05	5.62688593599e-05	3.51960684551e-05	4.92133053318e-05
480	wavelet-LHH	ngtdm	Contrast	1.07985950063e-06	4.86054430019e-07	1.22832429509e-06	9.3075766981e-07	1.3800141909e-06
481	wavelet-LHH	ngtdm	Busyness	28036.0218201	17302.1204365	11743.2077828	21988.3596185	17307.6187862
482	wavelet-LLH	gldm	GrayLevelVariance	0.24968967291	0.233364505823	0.245453085196	0.248015072707	0.249894936184
483	wavelet-LLH	gldm	HighGrayLevelEmphasis	2.44715169057	2.88693597351	2.70229244484	2.63365756856	2.53075019263
484	wavelet-LLH	gldm	DependenceEntropy	5.16399886087	4.99086174752	5.22274294153	5.12536478068	5.2578170208
485	wavelet-LLH	gldm	DependenceNonUniformity	7197.81113889	11997.1111609	4585.99702853	7790.71666287	4959.83581218
486	wavelet-LLH	gldm	GrayLevelNonUniformity	57078.2638863	92750.7564624	42660.5356397	61966.1174404	42846.9991128
487	wavelet-LLH	gldm	SmallDependenceEmphasis	0.00677256283733	0.00645511640452	0.00657286765874	0.00638842338125	0.00720968916284
488	wavelet-LLH	gldm	SmallDependenceHighGrayLevelEmphasis	0.0177906782725	0.0173041841915	0.017369451934	0.0165957835906	0.0190818726457
489	wavelet-LLH	gldm	DependenceNonUniformityNormalized	0.0631303875708	0.0689774571141	0.0547274607508	0.0633618258798	0.0579027739637
490	wavelet-LLH	gldm	LargeDependenceEmphasis	245.162119019	342.32976864	292.539291383	258.118253684	245.38338509
491	wavelet-LLH	gldm	LargeDependenceLowGrayLevelEmphasis	162.336786826	143.340829251	145.901085361	138.462023	146.467256415
492	wavelet-LLH	gldm	DependenceVariance	19.4595585463	43.0482033351	32.9313123264	22.8533135294	23.8178419591
493	wavelet-LLH	gldm	LargeDependenceHighGrayLevelEmphasis	576.463447792	1138.28552619	879.09211547	736.743176421	641.047899788
494	wavelet-LLH	gldm	SmallDependenceLowGrayLevelEmphasis	0.00401803397853	0.00374284945778	0.00387372158991	0.0038365833289	0.00424164329213
495	wavelet-LLH	gldm	LowGrayLevelEmphasis	0.638212077358	0.528266006623	0.574426888791	0.59158560786	0.617312451843
496	wavelet-LLH	glcm	JointAverage	1.47885302173	1.64033826324	1.57260740191	1.54621284204	1.51125849322
497	wavelet-LLH	glcm	SumAverage	2.95770604346	3.28067652649	3.14521480383	3.09242568408	3.02251698643
498	wavelet-LLH	glcm	JointEntropy	1.96113910467	1.81889722668	1.92065734217	1.95760185237	1.96628808679
499	wavelet-LLH	glcm	ClusterShade	0.0288238901321	-0.241281753064	-0.119140289698	-0.0666606551559	-0.0168606733765
500	wavelet-LLH	glcm	MaximumProbability	0.305517480058	0.476632444829	0.383143670991	0.33529801231	0.299478350248
501	wavelet-LLH	glcm	Idmn	0.913748200714	0.934517672634	0.924214507631	0.915634068108	0.915287942813
502	wavelet-LLH	glcm	JointEnergy	0.263147314578	0.32091554377	0.278892494466	0.264964548587	0.261419663296
503	wavelet-LLH	glcm	Contrast	0.431258996429	0.327411636831	0.378927461844	0.421829659459	0.423560285937
504	wavelet-LLH	glcm	DifferenceEntropy	0.963529637969	0.906473630483	0.945638561638	0.968412465628	0.966942495918
505	wavelet-LLH	glcm	InverseVariance	0.431258996429	0.327411636831	0.378927461844	0.421829659459	0.423560285937
506	wavelet-LLH	glcm	DifferenceVariance	0.237755221113	0.21849993838	0.231662600942	0.239314083322	0.238843442959
507	wavelet-LLH	glcm	Idn	0.85624700119	0.890862787723	0.873690846052	0.859390113514	0.858813238021
508	wavelet-LLH	glcm	Idm	0.784370501786	0.836294181585	0.810536269078	0.789085170271	0.788219857031
509	wavelet-LLH	glcm	Correlation	0.135872645712	0.289090804355	0.225784611719	0.149102952019	0.152445987728
510	wavelet-LLH	glcm	Autocorrelation	2.22092956697	2.75730897132	2.52835847482	2.42772369639	2.32199533668
511	wavelet-LLH	glcm	SumEntropy	1.52988010824	1.49148558985	1.54172988032	1.53577219291	1.54272780086
512	wavelet-LLH	glcm	SumSquares	0.249548732155	0.230292258925	0.244722452296	0.247860684046	0.249868446872
513	wavelet-LLH	glcm	ClusterProminence	0.567522209442	0.656611975532	0.613910899669	0.573536530715	0.576191641629
514	wavelet-LLH	glcm	Imc2	0.1632850587	0.332839266064	0.262714149414	0.17424121328	0.177946679214
515	wavelet-LLH	glcm	Imc1	-0.0362923842056	-0.0698257682686	-0.0495254580937	-0.0302297568764	-0.0329673138933
516	wavelet-LLH	glcm	DifferenceAverage	0.431258996429	0.327411636831	0.378927461844	0.421829659459	0.423560285937
517	wavelet-LLH	glcm	Id	0.784370501786	0.836294181585	0.810536269078	0.789085170271	0.788219857031
518	wavelet-LLH	glcm	ClusterTendency	0.566935932189	0.59375739887	0.59996234734	0.569613076724	0.575913501552
519	wavelet-LLH	firstorder	InterquartileRange	0.475756118044	0.0451357640835	0.127476579909	0.180323377691	0.301227095357
520	wavelet-LLH	firstorder	Skewness	0.249776555563	0.543323410897	0.232918950392	-0.118217883041	0.318071197458
521	wavelet-LLH	firstorder	Uniformity	0.50062065418	0.533270988354	0.509093829608	0.503969854585	0.500210127633
522	wavelet-LLH	firstorder	Median	-0.000905816077914	5.13478148889e-16	5.13478148889e-16	2.56739074445e-16	5.13478148889e-16
523	wavelet-LLH	firstorder	Energy	60535.243512	31849.8061857	22539.020787	34710.2824583	32173.9957675
524	wavelet-LLH	firstorder	RobustMeanAbsoluteDeviation	0.237557433514	0.0585554216565	0.0956446401523	0.114268664822	0.1667692883
525	wavelet-LLH	firstorder	MeanAbsoluteDeviation	0.470626413255	0.209055177573	0.277451288332	0.301328274226	0.368903781131
526	wavelet-LLH	firstorder	TotalEnergy	60535.243512	31849.8061857	22539.020787	34710.2824583	32173.9957675
527	wavelet-LLH	firstorder	Maximum	4.57723788049	5.0399330471	3.80618459225	3.76277313163	4.26933726911
528	wavelet-LLH	firstorder	RootMeanSquared	0.728657016254	0.427925971627	0.518624807501	0.531317610432	0.612870242774
529	wavelet-LLH	firstorder	90Percentile	0.855801540817	0.180328144885	0.379363983857	0.490449108413	0.615575731036
530	wavelet-LLH	firstorder	Minimum	-4.27898156567	-4.22683002445	-3.88375007173	-5.57458699838	-3.97709830476
531	wavelet-LLH	firstorder	Entropy	0.999104399953	0.951453079465	0.986840315741	0.994265107469	0.99969682867
532	wavelet-LLH	firstorder	Range	8.85621944616	9.26676307155	7.68993466398	9.33736013	8.24643557387
533	wavelet-LLH	firstorder	Variance	0.530353755292	0.182433595046	0.268262209403	0.2819914218	0.374766747339
534	wavelet-LLH	firstorder	10Percentile	-0.862880244814	-0.417310201153	-0.53675350138	-0.575112186179	-0.692989516806
535	wavelet-LLH	firstorder	Kurtosis	5.42734129843	13.2621519542	9.1776941938	7.5811989638	7.24442582976
536	wavelet-LLH	firstorder	Mean	-0.0242341090975	-0.0262114888255	-0.0266360949106	-0.0175208834064	-0.0290376848
537	wavelet-LLH	glrlm	ShortRunLowGrayLevelEmphasis	0.323702979067	0.361071495743	0.348015671427	0.34751849258	0.349075070579
538	wavelet-LLH	glrlm	GrayLevelVariance	0.249965050123	0.249951017798	0.249984803047	0.249984207957	0.249981919751
539	wavelet-LLH	glrlm	LowGrayLevelRunEmphasis	0.621446836306	0.628616238531	0.625893739462	0.624443667853	0.625533977792
540	wavelet-LLH	glrlm	GrayLevelNonUniformityNormalized	0.500069899753	0.500097964403	0.500030393905	0.500031584086	0.500036160497
541	wavelet-LLH	glrlm	RunVariance	3.41080776652	14.2839009446	6.33096571511	4.41384283724	3.49152342885
542	wavelet-LLH	glrlm	GrayLevelNonUniformity	26263.9781435	32451.3578096	17546.3525464	27576.2019611	19957.9777247
543	wavelet-LLH	glrlm	LongRunEmphasis	8.87769150644	21.8541198194	12.576715968	9.87457950043	8.58716516568
544	wavelet-LLH	glrlm	ShortRunHighGrayLevelEmphasis	1.39124578402	1.35518095151	1.35714208582	1.34908404891	1.42270435747
545	wavelet-LLH	glrlm	RunLengthNonUniformity	16632.5162775	20617.5371623	11056.3820646	17662.6592054	13318.4055671
546	wavelet-LLH	glrlm	ShortRunEmphasis	0.537211540058	0.559893386896	0.549840954306	0.547831603846	0.563800927956
547	wavelet-LLH	glrlm	LongRunHighGrayLevelEmphasis	20.9855036556	77.8219230283	39.1622574192	28.7377387152	22.734388244
548	wavelet-LLH	glrlm	RunPercentage	0.460638445009	0.373086299194	0.418755582401	0.448525050862	0.465958543546
549	wavelet-LLH	glrlm	LongRunLowGrayLevelEmphasis	5.85073846914	7.8621690172	5.93033060515	5.15878969673	5.05035939611
550	wavelet-LLH	glrlm	RunEntropy	3.17585087017	3.33488896025	3.27790004503	3.18953204781	3.13688064498
551	wavelet-LLH	glrlm	HighGrayLevelRunEmphasis	2.51421265478	2.48553504588	2.49642504215	2.50222532859	2.49786408883
552	wavelet-LLH	glrlm	RunLengthNonUniformityNormalized	0.304140943021	0.31224473462	0.306500708489	0.311355291381	0.32357925613
553	wavelet-LLH	glszm	GrayLevelVariance	0.247933884298	0.192043895748	0.228373702422	0.249702734839	0.177514792899
554	wavelet-LLH	glszm	ZoneVariance	184904949.455	287992893.469	185800031.945	244472222.257	238785768.686
555	wavelet-LLH	glszm	GrayLevelNonUniformityNormalized	0.504132231405	0.615912208505	0.543252595156	0.500594530321	0.644970414201
556	wavelet-LLH	glszm	SizeZoneNonUniformityNormalized	0.44536271809	0.347736625514	0.328719723183	0.376932223543	0.502958579882
557	wavelet-LLH	glszm	SizeZoneNonUniformity	14.696969697	18.7777777778	5.58823529412	10.9310344828	6.53846153846
558	wavelet-LLH	glszm	GrayLevelNonUniformity	16.6363636364	33.2592592593	9.23529411765	14.5172413793	8.38461538462
559	wavelet-LLH	glszm	LargeAreaEmphasis	196841974.455	298367018.704	210097392.529	262448652.621	282201703.385
560	wavelet-LLH	glszm	SmallAreaHighGrayLevelEmphasis	1.79041482829	1.99204060929	1.52414669586	1.6581999324	2.39089481967
561	wavelet-LLH	glszm	ZonePercentage	0.000289435600579	0.000310473299296	0.000202871224507	0.000235856729236	0.000151766326554
562	wavelet-LLH	glszm	LargeAreaLowGrayLevelEmphasis	128179442.523	132367632.273	110468911.103	146582435.328	172072652.942
563	wavelet-LLH	glszm	LargeAreaHighGrayLevelEmphasis	471492102.182	962364564.426	608611318.235	725913521.793	722717905.154
564	wavelet-LLH	glszm	HighGrayLevelZoneEmphasis	2.63636363636	3.22222222222	2.94117647059	2.55172413793	3.30769230769
565	wavelet-LLH	glszm	SmallAreaEmphasis	0.688773414117	0.605651720399	0.562409223019	0.631619472605	0.713108320335
566	wavelet-LLH	glszm	LowGrayLevelZoneEmphasis	0.590909090909	0.444444444444	0.514705882353	0.612068965517	0.423076923077
567	wavelet-LLH	glszm	ZoneEntropy	2.58157506621	2.77380859451	2.65425531322	2.81369780495	2.03494091396
568	wavelet-LLH	glszm	SmallAreaLowGrayLevelEmphasis	0.413363060574	0.259054498176	0.321974854808	0.374974357657	0.293661695501
569	wavelet-LLH	ngtdm	Coarseness	4.05905310029e-05	3.41771052874e-05	6.21491779064e-05	3.83913263142e-05	5.48380486836e-05
570	wavelet-LLH	ngtdm	Complexity	3.79036715197e-06	1.93444200178e-06	4.58287134806e-06	3.4458583998e-06	4.97063808338e-06
571	wavelet-LLH	ngtdm	Strength	4.05768148934e-05	3.42695644609e-05	6.22498176165e-05	3.84204889251e-05	5.48490772677e-05
572	wavelet-LLH	ngtdm	Contrast	9.46735449569e-07	4.50212144841e-07	1.12306131032e-06	8.53976128856e-07	1.24188752828e-06
573	wavelet-LLH	ngtdm	Busyness	27548.0203111	16494.6254417	11455.5677907	20553.3331468	17178.9988692
574	wavelet-LLL	gldm	GrayLevelVariance	0.0	0.0	0.0	0.0	0.0
575	wavelet-LLL	gldm	HighGrayLevelEmphasis	1.0	1.0	1.0	1.0	1.0
576	wavelet-LLL	gldm	DependenceEntropy	1.52366247146	1.87433354053	1.78355266005	1.38275871124	2.02496327426
577	wavelet-LLL	gldm	DependenceNonUniformity	73159.1352103	95843.9378593	48065.1266155	83491.36509	43570.5311588
578	wavelet-LLL	gldm	GrayLevelNonUniformity	114015.0	173928.0	83797.0	122956.0	85658.0
579	wavelet-LLL	gldm	SmallDependenceEmphasis	0.00176583540331	0.001907142438	0.00183327383376	0.00172755019781	0.00191570895097
580	wavelet-LLL	gldm	SmallDependenceHighGrayLevelEmphasis	0.00176583540331	0.001907142438	0.00183327383376	0.00172755019781	0.00191570895097
581	wavelet-LLL	gldm	DependenceNonUniformityNormalized	0.641662370831	0.55105525194	0.573590064269	0.679034492745	0.508656881538
582	wavelet-LLL	gldm	LargeDependenceEmphasis	668.71091523	651.312048664	654.564733821	675.324750317	643.367391254
583	wavelet-LLL	gldm	LargeDependenceLowGrayLevelEmphasis	668.71091523	651.312048664	654.564733821	675.324750317	643.367391254
584	wavelet-LLL	gldm	DependenceVariance	11.7948850381	15.0096252747	13.9547822169	10.6835074377	15.3798701812
585	wavelet-LLL	gldm	LargeDependenceHighGrayLevelEmphasis	668.71091523	651.312048664	654.564733821	675.324750317	643.367391254
586	wavelet-LLL	gldm	SmallDependenceLowGrayLevelEmphasis	0.00176583540331	0.001907142438	0.00183327383376	0.00172755019781	0.00191570895097
587	wavelet-LLL	gldm	LowGrayLevelEmphasis	1.0	1.0	1.0	1.0	1.0
588	wavelet-LLL	glcm	JointAverage	1.0	1.0	1.0	1.0	1.0
589	wavelet-LLL	glcm	SumAverage	2.0	2.0	2.0	2.0	2.0
590	wavelet-LLL	glcm	JointEntropy	-3.20342650381e-16	-3.20342650381e-16	-3.20342650381e-16	-3.20342650381e-16	-3.20342650381e-16
591	wavelet-LLL	glcm	ClusterShade	0.0	0.0	0.0	0.0	0.0
592	wavelet-LLL	glcm	MaximumProbability	1.0	1.0	1.0	1.0	1.0
593	wavelet-LLL	glcm	Idmn	1.0	1.0	1.0	1.0	1.0
594	wavelet-LLL	glcm	JointEnergy	1.0	1.0	1.0	1.0	1.0
595	wavelet-LLL	glcm	Contrast	0.0	0.0	0.0	0.0	0.0
596	wavelet-LLL	glcm	DifferenceEntropy	-3.20342650381e-16	-3.20342650381e-16	-3.20342650381e-16	-3.20342650381e-16	-3.20342650381e-16
597	wavelet-LLL	glcm	InverseVariance	0.0	0.0	0.0	0.0	0.0
598	wavelet-LLL	glcm	DifferenceVariance	0.0	0.0	0.0	0.0	0.0
599	wavelet-LLL	glcm	Idn	1.0	1.0	1.0	1.0	1.0
600	wavelet-LLL	glcm	Idm	1.0	1.0	1.0	1.0	1.0
601	wavelet-LLL	glcm	Correlation	1.0	1.0	1.0	1.0	1.0
602	wavelet-LLL	glcm	Autocorrelation	1.0	1.0	1.0	1.0	1.0
603	wavelet-LLL	glcm	SumEntropy	-3.20342650381e-16	-3.20342650381e-16	-3.20342650381e-16	-3.20342650381e-16	-3.20342650381e-16
604	wavelet-LLL	glcm	SumSquares	0.0	0.0	0.0	0.0	0.0
605	wavelet-LLL	glcm	ClusterProminence	0.0	0.0	0.0	0.0	0.0
606	wavelet-LLL	glcm	Imc2	0.0	0.0	0.0	0.0	0.0
607	wavelet-LLL	glcm	Imc1	0.0	0.0	0.0	0.0	0.0
608	wavelet-LLL	glcm	DifferenceAverage	0.0	0.0	0.0	0.0	0.0
609	wavelet-LLL	glcm	Id	1.0	1.0	1.0	1.0	1.0
610	wavelet-LLL	glcm	ClusterTendency	0.0	0.0	0.0	0.0	0.0
611	wavelet-LLL	firstorder	InterquartileRange	5.80652777004	0.144106575101	0.363158025524	2.21787577919	2.99764789768
612	wavelet-LLL	firstorder	Skewness	-0.212935088849	1.69350125982	1.3738323247	0.918264548738	0.686400267971
613	wavelet-LLL	firstorder	Uniformity	1.0	1.0	1.0	1.0	1.0
614	wavelet-LLL	firstorder	Median	8.10391348858	5.65685424949	5.65685424949	5.65685424949	5.73676009367
615	wavelet-LLL	firstorder	Energy	8259309.52715	7329991.57688	3674018.75528	4674967.21663	4593523.68749
616	wavelet-LLL	firstorder	RobustMeanAbsoluteDeviation	2.43191766706	0.392444572782	0.643761552603	1.08271915177	1.55350129723
617	wavelet-LLL	firstorder	MeanAbsoluteDeviation	2.8270137712	1.28233335135	1.45111798438	1.63207338862	2.08937179897
618	wavelet-LLL	firstorder	TotalEnergy	8259309.52715	7329991.57688	3674018.75528	4674967.21663	4593523.68749
619	wavelet-LLL	firstorder	Maximum	12.9720891254	12.8190244162	12.4489427426	13.274680095	13.1701071312
620	wavelet-LLL	firstorder	RootMeanSquared	8.51120155559	6.49182772399	6.62150100161	6.16615477621	7.32299967957
621	wavelet-LLL	firstorder	90Percentile	11.4293791571	10.5556157692	10.6177340687	9.48395632377	11.311320585
622	wavelet-LLL	firstorder	Minimum	0.774821475056	1.10492117892	1.02818525212	0.780794378678	0.933859173098
623	wavelet-LLL	firstorder	Entropy	-0.0	-0.0	-0.0	-0.0	-0.0
624	wavelet-LLL	firstorder	Range	12.1972676503	11.7141032373	11.4207574905	12.4938857163	12.2362479581
625	wavelet-LLL	firstorder	Variance	9.61411841819	3.90128812288	4.31301720068	5.59549756773	6.15452813705
626	wavelet-LLL	firstorder	10Percentile	3.48904333574	4.67623428775	4.53593500985	2.82842712475	4.34202521059
627	wavelet-LLL	firstorder	Kurtosis	1.58105891791	5.2942123867	4.35434530135	3.56875211744	2.34488325821
628	wavelet-LLL	firstorder	Mean	7.9263127305	6.18405522898	6.28738883112	5.69438031365	6.88997795134
629	wavelet-LLL	glrlm	ShortRunLowGrayLevelEmphasis	0.140824129209	0.180555939919	0.143291198203	0.139335811027	0.148544538748
630	wavelet-LLL	glrlm	GrayLevelVariance	0.0	0.0	0.0	0.0	0.0
631	wavelet-LLL	glrlm	LowGrayLevelRunEmphasis	1.0	1.0	1.0	1.0	1.0
632	wavelet-LLL	glrlm	GrayLevelNonUniformityNormalized	1.0	1.0	1.0	1.0	1.0
633	wavelet-LLL	glrlm	RunVariance	228.436592972	229.425123921	165.044679296	243.354120263	140.704277287
634	wavelet-LLL	glrlm	GrayLevelNonUniformity	6006.07692308	11873.6923077	5445.92307692	5766.46153846	6392.46153846
635	wavelet-LLL	glrlm	LongRunEmphasis	634.372341203	474.514370636	436.853443235	762.028125756	342.908841375
636	wavelet-LLL	glrlm	ShortRunHighGrayLevelEmphasis	0.140824129209	0.180555939919	0.143291198203	0.139335811027	0.148544538748
637	wavelet-LLL	glrlm	RunLengthNonUniformity	215.78404391	612.304576543	223.031616826	209.371331398	286.133308799
638	wavelet-LLL	glrlm	ShortRunEmphasis	0.140824129209	0.180555939919	0.143291198203	0.139335811027	0.148544538748
639	wavelet-LLL	glrlm	LongRunHighGrayLevelEmphasis	634.372341203	474.514370636	436.853443235	762.028125756	342.908841375
640	wavelet-LLL	glrlm	RunPercentage	0.0526779539804	0.0682678597333	0.0649894754815	0.0468985778527	0.0746277234871
641	wavelet-LLL	glrlm	LongRunLowGrayLevelEmphasis	634.372341203	474.514370636	436.853443235	762.028125756	342.908841375
642	wavelet-LLL	glrlm	RunEntropy	5.24836373172	5.07216202482	5.02914171584	5.27150787525	4.95227035099
643	wavelet-LLL	glrlm	HighGrayLevelRunEmphasis	1.0	1.0	1.0	1.0	1.0
644	wavelet-LLL	glrlm	RunLengthNonUniformityNormalized	0.0352815209862	0.0499884868453	0.039828336601	0.0352428747323	0.0433097957791
645	wavelet-LLL	glszm	GrayLevelVariance	0.0	0.0	0.0	0.0	0.0
646	wavelet-LLL	glszm	ZoneVariance	3249741042.25	5670226905.5	1755400506.25	2099214164.56	1834237584.0
647	wavelet-LLL	glszm	GrayLevelNonUniformityNormalized	1.0	1.0	1.0	1.0	1.0
648	wavelet-LLL	glszm	SizeZoneNonUniformityNormalized	0.5	0.25	0.5	0.333333333333	0.5
649	wavelet-LLL	glszm	SizeZoneNonUniformity	1.0	1.0	1.0	2.0	1.0
650	wavelet-LLL	glszm	GrayLevelNonUniformity	2.0	4.0	2.0	6.0	2.0
651	wavelet-LLL	glszm	LargeAreaEmphasis	6499596098.5	7560911229.5	3510884808.5	2519163551.67	3668560825.0
652	wavelet-LLL	glszm	SmallAreaHighGrayLevelEmphasis	0.500000000038	0.091254340286	0.500000000071	0.521919879074	0.500000000068
653	wavelet-LLL	glszm	ZonePercentage	1.75415515502e-05	2.29980221701e-05	2.38672028832e-05	4.879794398e-05	2.33486656238e-05
654	wavelet-LLL	glszm	LargeAreaLowGrayLevelEmphasis	6499596098.5	7560911229.5	3510884808.5	2519163551.67	3668560825.0
655	wavelet-LLL	glszm	LargeAreaHighGrayLevelEmphasis	6499596098.5	7560911229.5	3510884808.5	2519163551.67	3668560825.0
656	wavelet-LLL	glszm	HighGrayLevelZoneEmphasis	1.0	1.0	1.0	1.0	1.0
657	wavelet-LLL	glszm	SmallAreaEmphasis	0.500000000038	0.091254340286	0.500000000071	0.521919879074	0.500000000068
658	wavelet-LLL	glszm	LowGrayLevelZoneEmphasis	1.0	1.0	1.0	1.0	1.0
659	wavelet-LLL	glszm	ZoneEntropy	1.0	2.0	1.0	1.79248125036	1.0
660	wavelet-LLL	glszm	SmallAreaLowGrayLevelEmphasis	0.500000000038	0.091254340286	0.500000000071	0.521919879074	0.500000000068
661	wavelet-LLL	ngtdm	Coarseness	1000000	1000000	1000000	1000000	1000000
662	wavelet-LLL	ngtdm	Complexity	0.0	0.0	0.0	0.0	0.0
663	wavelet-LLL	ngtdm	Strength	0	0	0	0	0
664	wavelet-LLL	ngtdm	Contrast					
665	wavelet-LLL	ngtdm	Busyness	0	0	0	0	0
666	wavelet-HHL	gldm	GrayLevelVariance	0.249965105963	0.228927553641	0.242334845692	0.247440112085	0.249240918956
667	wavelet-HHL	gldm	HighGrayLevelEmphasis	2.51772135245	2.93549054781	2.76265260093	2.65178600475	2.58265427631
668	wavelet-HHL	gldm	DependenceEntropy	4.55566020665	4.83793159955	4.95816202321	4.76230905739	4.86053437629
669	wavelet-HHL	gldm	DependenceNonUniformity	12421.5613823	13122.4495308	5836.25438858	11133.9060965	7329.96511709
670	wavelet-HHL	gldm	GrayLevelNonUniformity	57015.4568873	94294.1769008	43183.1338711	62107.507157	42959.0427281
671	wavelet-HHL	gldm	SmallDependenceEmphasis	0.00718513658423	0.00679075804289	0.00690384145209	0.00673333896371	0.0076118287737
672	wavelet-HHL	gldm	SmallDependenceHighGrayLevelEmphasis	0.0181255293114	0.0172141296766	0.0172251704749	0.0166730747572	0.0189960509183
673	wavelet-HHL	gldm	DependenceNonUniformityNormalized	0.108946729661	0.075447596309	0.069647533785	0.0905519543291	0.0855724522764
674	wavelet-HHL	gldm	LargeDependenceEmphasis	188.013252642	317.498827101	257.472904758	223.531637334	203.00945621
675	wavelet-HHL	gldm	LargeDependenceLowGrayLevelEmphasis	114.946281191	123.059610873	116.369682089	114.489063161	113.377889397
676	wavelet-HHL	gldm	DependenceVariance	9.04604591594	43.7950493802	30.0764959557	18.7272226753	16.6518009172
677	wavelet-HHL	gldm	LargeDependenceHighGrayLevelEmphasis	480.281138447	1095.25569201	821.885795434	659.701934025	561.535723458
678	wavelet-HHL	gldm	SmallDependenceLowGrayLevelEmphasis	0.00445003840245	0.00418491513445	0.0043235091964	0.00424840501534	0.00476577323754
679	wavelet-HHL	gldm	LowGrayLevelEmphasis	0.620569661887	0.516127363047	0.559336849768	0.587053498813	0.604336430923
680	wavelet-HHL	glcm	JointAverage	1.50540631177	1.65406378469	1.59289444188	1.55277188807	1.52876185096
681	wavelet-HHL	glcm	SumAverage	3.01081262353	3.30812756938	3.18578888376	3.10554377614	3.05752370192
682	wavelet-HHL	glcm	JointEntropy	1.98822818238	1.82543723132	1.93281728966	1.97336709403	1.98364547412
683	wavelet-HHL	glcm	ClusterShade	-0.00579340534268	-0.226552068775	-0.124459489635	-0.062433276172	-0.033295359184
684	wavelet-HHL	glcm	MaximumProbability	0.278682135347	0.474868526977	0.382509911602	0.321382626831	0.296719813623
685	wavelet-HHL	glcm	Idmn	0.90054315855	0.928321896914	0.915846187888	0.907444295505	0.905200723807
686	wavelet-HHL	glcm	JointEnergy	0.254045226251	0.31888310246	0.27523624217	0.259508597749	0.255702618591
687	wavelet-HHL	glcm	Contrast	0.497284207252	0.358390515429	0.42076906056	0.462778522474	0.473996380967
688	wavelet-HHL	glcm	DifferenceEntropy	0.988425454361	0.937124006037	0.97677960748	0.988540849626	0.98828460713
689	wavelet-HHL	glcm	InverseVariance	0.497284207252	0.358390515429	0.42076906056	0.462778522474	0.473996380967
690	wavelet-HHL	glcm	DifferenceVariance	0.246025492396	0.228633439803	0.242051684686	0.246074805753	0.245984761035
691	wavelet-HHL	glcm	Idn	0.834238597583	0.880536494857	0.85974364648	0.845740492509	0.842001206344
692	wavelet-HHL	glcm	Idm	0.751357896374	0.820804742286	0.78961546972	0.768610738763	0.763001809517
693	wavelet-HHL	glcm	Correlation	0.00529643464716	0.208048025157	0.128394536483	0.0640257300824	0.0488339864793
694	wavelet-HHL	glcm	Autocorrelation	2.26757683167	2.78299609636	2.56829879537	2.42692640297	2.3492873624
695	wavelet-HHL	glcm	SumEntropy	1.49094397512	1.46704671589	1.5120482291	1.51058857155	1.50964909315
696	wavelet-HHL	glcm	SumSquares	0.249964640677	0.226241728868	0.241356036572	0.247208298249	0.249156310187
697	wavelet-HHL	glcm	ClusterProminence	0.50259320627	0.600451369022	0.557702334404	0.528276771794	0.52323068975
698	wavelet-HHL	glcm	Imc2	0.120083209863	0.242512836389	0.151874736055	0.108056257834	0.114869723738
699	wavelet-HHL	glcm	Imc1	-0.0115686813787	-0.0378369713446	-0.017449338005	-0.0105784390247	-0.01151119755
700	wavelet-HHL	glcm	DifferenceAverage	0.497284207252	0.358390515429	0.42076906056	0.462778522474	0.473996380967
701	wavelet-HHL	glcm	Id	0.751357896374	0.820804742286	0.78961546972	0.768610738763	0.763001809517
702	wavelet-HHL	glcm	ClusterTendency	0.502574355455	0.546576400045	0.544655085729	0.526054670521	0.522628859782
703	wavelet-HHL	firstorder	InterquartileRange	0.24096721362	0.0267912078145	0.0632790667605	0.105499707947	0.181357376625
704	wavelet-HHL	firstorder	Skewness	-0.0279677255873	0.332808127593	0.35985854855	0.288505511227	0.128799304174
705	wavelet-HHL	firstorder	Uniformity	0.500069788074	0.542144892719	0.515330308617	0.505119775831	0.501518162087
706	wavelet-HHL	firstorder	Median	3.37735854694e-32	3.37735854694e-32	3.37735854694e-32	1.68867927347e-32	3.37735854694e-32
707	wavelet-HHL	firstorder	Energy	18802.9838955	17225.8400159	6633.85373131	12304.4836033	11822.202041
708	wavelet-HHL	firstorder	RobustMeanAbsoluteDeviation	0.114553653541	0.0335232691652	0.0445463180975	0.0631444307046	0.0923016596386
709	wavelet-HHL	firstorder	MeanAbsoluteDeviation	0.246165796305	0.14930060629	0.144393182034	0.173608504098	0.217165511668
710	wavelet-HHL	firstorder	TotalEnergy	18802.9838955	17225.8400159	6633.85373131	12304.4836033	11822.202041
711	wavelet-HHL	firstorder	Maximum	3.6111779879	4.57322674322	2.70942744036	3.00952144046	2.97804251975
712	wavelet-HHL	firstorder	RootMeanSquared	0.406099440593	0.314706311735	0.281364117206	0.316341983086	0.371505479362
713	wavelet-HHL	firstorder	90Percentile	0.43716157446	0.259175566927	0.257465580695	0.311173206446	0.401028191136
714	wavelet-HHL	firstorder	Minimum	-3.30313539835	-3.13701321388	-2.66089100741	-2.6447525937	-3.24407588409
715	wavelet-HHL	firstorder	Entropy	0.99989931475	0.938313432633	0.977768610526	0.992601067527	0.997808645355
716	wavelet-HHL	firstorder	Range	6.91431338625	7.71023995711	5.37031844777	5.65427403416	6.22211840383
717	wavelet-HHL	firstorder	Variance	0.164904479484	0.0989447638701	0.0791158730125	0.10004652597	0.137940976765
718	wavelet-HHL	firstorder	10Percentile	-0.406051221054	-0.206736388159	-0.223127207465	-0.290921727634	-0.348242200445
719	wavelet-HHL	firstorder	Kurtosis	8.61593501873	14.3216670827	12.5965544336	9.62206207012	8.98835557484
720	wavelet-HHL	firstorder	Mean	0.00350373599299	0.00976210918699	0.00706352877339	0.00507191217363	0.00868011699499
721	wavelet-HHL	glrlm	ShortRunLowGrayLevelEmphasis	0.373998738969	0.383351968794	0.381458975582	0.377346244378	0.381402536168
722	wavelet-HHL	glrlm	GrayLevelVariance	0.249976693843	0.249895017795	0.249943291289	0.24997257657	0.249940023081
723	wavelet-HHL	glrlm	LowGrayLevelRunEmphasis	0.623954689077	0.622084797789	0.623959693822	0.624639483209	0.623782288105
724	wavelet-HHL	glrlm	GrayLevelNonUniformityNormalized	0.500046612313	0.500209964411	0.500113417422	0.50005484686	0.500119953839
725	wavelet-HHL	glrlm	RunVariance	1.86256803115	12.6385039916	5.01258578136	3.42327701335	2.40742631912
726	wavelet-HHL	glrlm	GrayLevelNonUniformity	29870.5393132	34987.4613608	19213.6401515	30006.8143654	21994.0045143
727	wavelet-HHL	glrlm	LongRunEmphasis	5.67661976818	19.0203798791	9.9018907621	7.77718497445	6.35620077308
728	wavelet-HHL	glrlm	ShortRunHighGrayLevelEmphasis	1.49749339238	1.43440693283	1.4342534584	1.44452628999	1.50371031214
729	wavelet-HHL	glrlm	RunLengthNonUniformity	21696.9693163	24395.2074526	13405.9394117	21134.3616237	16135.7972554
730	wavelet-HHL	glrlm	ShortRunEmphasis	0.598697669651	0.593562961601	0.592017872146	0.5907822535	0.605864091362
731	wavelet-HHL	glrlm	LongRunHighGrayLevelEmphasis	14.4846132739	69.0624558266	32.3757134284	23.4254824731	17.6157101926
732	wavelet-HHL	glrlm	RunPercentage	0.523928363002	0.402154030138	0.458474279876	0.488038873193	0.51341201235
733	wavelet-HHL	glrlm	LongRunLowGrayLevelEmphasis	3.47462139176	6.50986089224	4.28343509553	3.86511059978	3.5413234182
734	wavelet-HHL	glrlm	RunEntropy	2.90301460641	3.16200488392	3.06818977691	3.00251206726	2.92761265096
735	wavelet-HHL	glrlm	HighGrayLevelRunEmphasis	2.50418124369	2.51166080884	2.50416122471	2.50144206716	2.50487084758
736	wavelet-HHL	glrlm	RunLengthNonUniformityNormalized	0.357607941395	0.34501751397	0.345676749672	0.347944987551	0.361919093701
737	wavelet-HHL	glszm	GrayLevelVariance	0.249307479224	0.247597078047	0.246913580247	0.243767313019	0.24609375
738	wavelet-HHL	glszm	ZoneVariance	306008275.324	309473874.268	315277201.728	359848416.127	201220017.734
739	wavelet-HHL	glszm	GrayLevelNonUniformityNormalized	0.501385041551	0.504805843906	0.506172839506	0.512465373961	0.5078125
740	wavelet-HHL	glszm	SizeZoneNonUniformityNormalized	0.573407202216	0.331026528258	0.358024691358	0.373961218837	0.390625
741	wavelet-HHL	glszm	SizeZoneNonUniformity	10.8947368421	16.8823529412	3.22222222222	7.10526315789	6.25
742	wavelet-HHL	glszm	GrayLevelNonUniformity	9.52631578947	25.7450980392	4.55555555556	9.73684210526	8.125
743	wavelet-HHL	glszm	LargeAreaEmphasis	342017749.632	321104381.451	401967784.556	401727025.368	229881318.375
744	wavelet-HHL	glszm	SmallAreaHighGrayLevelEmphasis	2.0789473685	1.52442848426	1.67361111139	1.67216374275	1.61631944461
745	wavelet-HHL	glszm	ZonePercentage	0.000166644739727	0.000293224782669	0.000107402412974	0.000154526822603	0.00018678932499
746	wavelet-HHL	glszm	LargeAreaLowGrayLevelEmphasis	210730476.487	136076665.098	200001708.972	220914560.039	134190077.766
747	wavelet-HHL	glszm	LargeAreaHighGrayLevelEmphasis	867166842.211	1061215246.86	1209832086.89	1124976886.68	612646280.812
748	wavelet-HHL	glszm	HighGrayLevelZoneEmphasis	2.57894736842	2.35294117647	2.66666666667	2.73684210526	2.3125
749	wavelet-HHL	glszm	SmallAreaEmphasis	0.776315789506	0.59440447465	0.590277777917	0.629663742719	0.631944444513
750	wavelet-HHL	glszm	LowGrayLevelZoneEmphasis	0.605263157895	0.661764705882	0.583333333333	0.565789473684	0.671875
751	wavelet-HHL	glszm	ZoneEntropy	2.06320251322	3.17313195428	2.41938194565	2.71532669877	2.47721700146
752	wavelet-HHL	glszm	SmallAreaLowGrayLevelEmphasis	0.450657894757	0.361898472248	0.319444444549	0.36903874271	0.38585069449
753	wavelet-HHL	ngtdm	Coarseness	3.51881889077e-05	3.11535975741e-05	5.59054709271e-05	3.49545362529e-05	4.89256729526e-05
754	wavelet-HHL	ngtdm	Complexity	4.37229139011e-06	2.1221827691e-06	5.09470150255e-06	3.78466111816e-06	5.57131004553e-06
755	wavelet-HHL	ngtdm	Strength	3.51887946738e-05	3.11937609304e-05	5.59240339231e-05	3.49569563439e-05	4.89294802606e-05
756	wavelet-HHL	ngtdm	Contrast	1.09290146629e-06	4.85200586956e-07	1.23421389092e-06	9.36412138418e-07	1.38849038571e-06
757	wavelet-HHL	ngtdm	Busyness	27445.8706681	17156.2511394	11727.0543646	21946.3059175	17539.7039289
758	wavelet-HLH	gldm	GrayLevelVariance	0.249993773549	0.229251797847	0.242779553741	0.247391325848	0.249385723179
759	wavelet-HLH	gldm	HighGrayLevelEmphasis	2.50748585712	2.93212708707	2.75491962719	2.6532255441	2.57435382568
760	wavelet-HLH	gldm	DependenceEntropy	4.60352109155	4.84820521962	4.9629069027	4.7897295831	4.87594566226
761	wavelet-HLH	gldm	DependenceNonUniformity	11869.7037144	13032.5603468	5845.41769992	10840.7682423	7260.65457984
762	wavelet-HLH	gldm	GrayLevelNonUniformity	57008.9198176	94181.3866083	43108.6034703	62119.504278	42934.2354479
763	wavelet-HLH	gldm	SmallDependenceEmphasis	0.00721623496899	0.00669886232069	0.00689808732067	0.00672870004538	0.00765997578785
764	wavelet-HLH	gldm	SmallDependenceHighGrayLevelEmphasis	0.0182590902878	0.0171842577904	0.0174069234152	0.0167279837854	0.0194563809098
765	wavelet-HLH	gldm	DependenceNonUniformityNormalized	0.104106509796	0.0749307779473	0.0697568850904	0.0881678668979	0.0847632979972
766	wavelet-HLH	gldm	LargeDependenceEmphasis	189.863289918	317.76174049	258.992171557	225.574124077	203.837703425
767	wavelet-HLH	gldm	LargeDependenceLowGrayLevelEmphasis	117.76359251	123.698520365	118.055637433	115.547887049	114.863807233
768	wavelet-HLH	gldm	DependenceVariance	9.53524500128	43.7158051308	30.2303820755	18.9850539386	16.7385617811
769	wavelet-HLH	gldm	LargeDependenceHighGrayLevelEmphasis	478.262079551	1094.01462099	822.738308054	665.679072188	559.733288193
770	wavelet-HLH	gldm	SmallDependenceLowGrayLevelEmphasis	0.00445552113929	0.00407751345327	0.00427087829704	0.00422887911038	0.00471087450737
771	wavelet-HLH	gldm	LowGrayLevelEmphasis	0.623128535719	0.516968228232	0.561270093201	0.586693613976	0.60641154358
772	wavelet-HLH	glcm	JointAverage	1.50143635332	1.65286997522	1.59054403321	1.55319753091	1.5260052082
773	wavelet-HLH	glcm	SumAverage	3.00287270664	3.30573995044	3.18108806642	3.10639506181	3.05201041639
774	wavelet-HLH	glcm	JointEntropy	1.98731559421	1.82701729076	1.93299728397	1.97180836344	1.98327433473
775	wavelet-HLH	glcm	ClusterShade	-0.00189004308293	-0.226012468187	-0.122748746432	-0.0636952287879	-0.0303316239789
776	wavelet-HLH	glcm	MaximumProbability	0.276758848599	0.473875958883	0.381022081267	0.323028829146	0.294368327735
777	wavelet-HLH	glcm	Idmn	0.90093190349	0.928402393465	0.916191219222	0.907932519296	0.905397637095
778	wavelet-HLH	glcm	JointEnergy	0.254338164259	0.318246122151	0.275066415374	0.260056962618	0.255793443361
779	wavelet-HLH	glcm	Contrast	0.495340482552	0.357988032674	0.419043903892	0.460337403522	0.473011814524
780	wavelet-HLH	glcm	DifferenceEntropy	0.987365095039	0.936841589701	0.974694484076	0.987169261804	0.987111280061
781	wavelet-HLH	glcm	InverseVariance	0.495340482552	0.357988032674	0.419043903892	0.460337403522	0.473011814524
782	wavelet-HLH	glcm	DifferenceVariance	0.245680454755	0.228540100518	0.241371833456	0.245619486191	0.245606219557
783	wavelet-HLH	glcm	Idn	0.834886505816	0.880670655775	0.860318698703	0.846554198826	0.842329395159
784	wavelet-HLH	glcm	Idm	0.752329758724	0.821005983663	0.790478048054	0.769831298239	0.763494092738
785	wavelet-HLH	glcm	Correlation	0.00928508973503	0.210189054409	0.13346312527	0.0687915035335	0.0513532000784
786	wavelet-HLH	glcm	Autocorrelation	2.25663881869	2.77961590932	2.56211014769	2.42942389096	2.34150971733
787	wavelet-HLH	glcm	SumEntropy	1.49197511166	1.46902925808	1.51395338008	1.51147095991	1.51026252021
788	wavelet-HLH	glcm	SumSquares	0.249990690493	0.226606888665	0.241780875585	0.247161775596	0.249300168541
789	wavelet-HLH	glcm	ClusterProminence	0.504632156263	0.602067780181	0.560916117719	0.530737625437	0.524715232866
790	wavelet-HLH	glcm	Imc2	0.118975536352	0.244997866003	0.157415465162	0.109759041586	0.112429355772
791	wavelet-HLH	glcm	Imc1	-0.0126309050692	-0.038426731349	-0.0197741838704	-0.0118793276692	-0.0127100455404
792	wavelet-HLH	glcm	DifferenceAverage	0.495340482552	0.357988032674	0.419043903892	0.460337403522	0.473011814524
793	wavelet-HLH	glcm	Id	0.752329758724	0.821005983663	0.790478048054	0.769831298239	0.763494092738
794	wavelet-HLH	glcm	ClusterTendency	0.50462227942	0.548439521987	0.548079598449	0.52830969886	0.524188859641
795	wavelet-HLH	firstorder	InterquartileRange	0.258795869555	0.0255470982553	0.0681462211824	0.114811721439	0.189889144832
796	wavelet-HLH	firstorder	Skewness	0.00959263286315	0.274939859007	0.181438396706	0.302490116849	0.13998383665
797	wavelet-HLH	firstorder	Uniformity	0.500012452902	0.541496404307	0.514440892518	0.505217348303	0.501228553643
798	wavelet-HLH	firstorder	Median	2.65778332325e-32	5.31556664651e-32	5.31556664651e-32	2.65778332325e-32	5.31556664651e-32
799	wavelet-HLH	firstorder	Energy	19555.9764275	17452.0780712	7271.98275162	13403.8575544	12346.7781512
800	wavelet-HLH	firstorder	RobustMeanAbsoluteDeviation	0.123050674906	0.0329863350577	0.0480326388567	0.0671885028691	0.0963853393854
801	wavelet-HLH	firstorder	MeanAbsoluteDeviation	0.257448810381	0.148778866211	0.152316633147	0.182318830996	0.223930695093
802	wavelet-HLH	firstorder	TotalEnergy	19555.9764275	17452.0780712	7271.98275162	13403.8575544	12346.7781512
803	wavelet-HLH	firstorder	Maximum	3.15191054146	3.10455876961	2.31674880437	3.06454816842	2.98073613688
804	wavelet-HLH	firstorder	RootMeanSquared	0.414151040454	0.316766190744	0.294586055081	0.330171846683	0.379658263826
805	wavelet-HLH	firstorder	90Percentile	0.467534806215	0.255418824597	0.27511081069	0.325725224392	0.419730148361
806	wavelet-HLH	firstorder	Minimum	-3.23871005808	-3.12927577346	-2.83037808657	-2.50315028392	-3.01955049505
807	wavelet-HLH	firstorder	Entropy	0.999982034186	0.939276480499	0.979064732905	0.992459812131	0.998226845197
808	wavelet-HLH	firstorder	Range	6.39062059953	6.23383454306	5.14712689093	5.56769845234	6.00028663193
809	wavelet-HLH	firstorder	Variance	0.171491278075	0.10026368068	0.0867542505972	0.108983680485	0.144059394441
810	wavelet-HLH	firstorder	10Percentile	-0.428010841218	-0.204589672519	-0.242021937468	-0.306993109901	-0.357713701992
811	wavelet-HLH	firstorder	Kurtosis	7.042043286	14.0880501391	11.3349724792	9.33400559266	8.41192619161
812	wavelet-HLH	firstorder	Mean	0.00545950859197	0.00878287646183	0.00516655113969	0.00545599273953	0.00900015834373
813	wavelet-HLH	glrlm	ShortRunLowGrayLevelEmphasis	0.371314022313	0.382490150687	0.37871241474	0.376377565946	0.379758558228
814	wavelet-HLH	glrlm	GrayLevelVariance	0.249970950532	0.249898211338	0.249930700412	0.249967301686	0.249920083533
815	wavelet-HLH	glrlm	LowGrayLevelRunEmphasis	0.623501465675	0.622061507085	0.624509665997	0.624534770455	0.624062346251
816	wavelet-HLH	glrlm	GrayLevelNonUniformityNormalized	0.500058098936	0.500203577324	0.500138599176	0.500065396629	0.500159832935
817	wavelet-HLH	glrlm	RunVariance	1.94387009892	12.6878460565	5.13790175916	3.53478060773	2.46534888457
818	wavelet-HLH	glrlm	GrayLevelNonUniformity	29759.9485741	34952.5667819	19141.7787664	29860.312724	21951.0428514
819	wavelet-HLH	glrlm	LongRunEmphasis	5.83719571688	19.0923003601	10.1391979501	7.97153103507	6.48191686545
820	wavelet-HLH	glrlm	ShortRunHighGrayLevelEmphasis	1.50065922633	1.43421794523	1.43056193503	1.44135944836	1.50334130396
821	wavelet-HLH	glrlm	RunLengthNonUniformity	21548.5025408	24309.5882947	13307.6964115	20952.4642893	16077.2228138
822	wavelet-HLH	glrlm	ShortRunEmphasis	0.597183063116	0.592835709595	0.589082318797	0.589373942429	0.604475107374
823	wavelet-HLH	glrlm	LongRunHighGrayLevelEmphasis	14.7245224232	69.2909666449	33.0680846438	23.9870959314	17.8465248073
824	wavelet-HLH	glrlm	RunPercentage	0.52197585338	0.401756429716	0.456735645943	0.485645897094	0.512368506601
825	wavelet-HLH	glrlm	LongRunLowGrayLevelEmphasis	3.61536404031	6.54263378891	4.40697627668	3.96763981097	3.64076488
826	wavelet-HLH	glrlm	RunEntropy	2.91367877711	3.16705184697	3.08019400569	3.01418454749	2.93539556842
827	wavelet-HLH	glrlm	HighGrayLevelRunEmphasis	2.5059941373	2.51175397166	2.50196133601	2.50186091818	2.50375061499
828	wavelet-HLH	glrlm	RunLengthNonUniformityNormalized	0.35596032537	0.344112261759	0.343425712084	0.346275618298	0.360784605147
829	wavelet-HLH	glszm	GrayLevelVariance	0.234375	0.222222222222	0.247933884298	0.226843100189	0.229591836735
830	wavelet-HLH	glszm	ZoneVariance	248097741.068	629508042.083	270243012.446	303299639.645	225151188.388
831	wavelet-HLH	glszm	GrayLevelNonUniformityNormalized	0.53125	0.555555555556	0.504132231405	0.546313799622	0.540816326531
832	wavelet-HLH	glszm	SizeZoneNonUniformityNormalized	0.524305555556	0.184027777778	0.338842975207	0.334593572779	0.632653061224
833	wavelet-HLH	glszm	SizeZoneNonUniformity	12.5833333333	4.41666666667	3.72727272727	7.69565217391	8.85714285714
834	wavelet-HLH	glszm	GrayLevelNonUniformity	12.75	13.3333333333	5.54545454545	12.5652173913	7.57142857143
835	wavelet-HLH	glszm	LargeAreaEmphasis	270666178.958	682027051.083	328275551.364	331878425.913	262586356.571
836	wavelet-HLH	glszm	SmallAreaHighGrayLevelEmphasis	2.16695601858	1.08631076391	1.49858585881	1.66154589377	2.50198412717
837	wavelet-HLH	glszm	ZonePercentage	0.000210498618603	0.000137988133021	0.000131269615857	0.000187058785257	0.000163440659366
838	wavelet-HLH	glszm	LargeAreaLowGrayLevelEmphasis	168177931.708	290202026.552	164497496.568	182286411.761	154374045.286
839	wavelet-HLH	glszm	LargeAreaHighGrayLevelEmphasis	680619167.958	2249327149.21	983387770.545	930246482.522	695435601.714
840	wavelet-HLH	glszm	HighGrayLevelZoneEmphasis	2.875	3.0	2.63636363636	2.95652173913	2.92857142857
841	wavelet-HLH	glszm	SmallAreaEmphasis	0.744864004655	0.399887152792	0.581919192032	0.590205314033	0.787698412777
842	wavelet-HLH	glszm	LowGrayLevelZoneEmphasis	0.53125	0.5	0.590909090909	0.510869565217	0.517857142857
843	wavelet-HLH	glszm	ZoneEntropy	2.269815717	3.3035088548	2.59490661824	2.81655652437	1.75343438619
844	wavelet-HLH	glszm	SmallAreaLowGrayLevelEmphasis	0.389341001174	0.228281250012	0.352752525337	0.322370169099	0.359126984179
845	wavelet-HLH	ngtdm	Coarseness	3.53300887364e-05	3.11882908485e-05	5.61389477991e-05	3.51396407224e-05	4.9047449328e-05
846	wavelet-HLH	ngtdm	Complexity	4.35473051152e-06	2.11982209247e-06	5.07351309384e-06	3.76472472512e-06	5.55747744153e-06
847	wavelet-HLH	ngtdm	Strength	3.53303926811e-05	3.12346438237e-05	5.6155223714e-05	3.51440320835e-05	4.90536512274e-05
848	wavelet-HLH	ngtdm	Contrast	1.08864614774e-06	4.8525182996e-07	1.23138823831e-06	9.31243864712e-07	1.38578030314e-06
849	wavelet-HLH	ngtdm	Busyness	27886.9701939	17199.0041079	11797.9083768	21782.5905573	17749.0069301
